era,domain,tolerance_m,muni_code,grid_x,grid_y,status,record_count,area_m2,edge_length_m,unmatched_length_m,iou_sum
2014,building,1,14133,-19,-47,indeterminate_geometry_quality,15,818.62892075813,0.0,0.0,0.0
2014,building,1,14133,-19,-47,indeterminate_partition_boundary,2,74.00756463852154,0.0,0.0,0.0
2014,building,1,14133,-19,-47,large_shape_or_position_change,10,1289.1196358311756,0.0,0.0,3.6382356426320994
2014,building,1,14133,-19,-47,matched,392,33652.357745528236,0.0,0.0,379.046792832958
2014,building,1,14133,-19,-47,possible_merge,15,732.8915294257805,0.0,0.0,3.99065305003418
2014,building,1,14133,-19,-47,possible_split,9,1315.8341369022337,0.0,0.0,3.991206562471433
2014,building,1,14133,-19,-46,indeterminate_geometry_quality,120,6062.539093040207,0.0,0.0,0.0
2014,building,1,14133,-19,-46,large_shape_or_position_change,35,2768.7104084491843,0.0,0.0,11.803879969440128
2014,building,1,14133,-19,-46,matched,1625,197943.11697786636,0.0,0.0,1581.473033162879
2014,building,1,14133,-19,-46,possible_merge,75,8803.073685120993,0.0,0.0,20.69043266927863
2014,building,1,14133,-19,-46,possible_split,26,3150.26958388181,0.0,0.0,9.340944652897772
2014,building,1,14133,-19,-45,indeterminate_geometry_quality,26,972.2609991863413,0.0,0.0,0.0
2014,building,1,14133,-19,-45,large_shape_or_position_change,8,3294.0201152993986,0.0,0.0,2.664668107921002
2014,building,1,14133,-19,-45,matched,225,20255.745470581223,0.0,0.0,217.71271216854313
2014,building,1,14133,-19,-45,possible_merge,10,346.56544495013003,0.0,0.0,2.3326310662991134
2014,building,1,14133,-19,-45,possible_split,12,1508.1046880432232,0.0,0.0,4.609501652421375
2014,building,1,14133,-18,-47,indeterminate_geometry_quality,29,5258.0964757030015,0.0,0.0,0.0
2014,building,1,14133,-18,-47,large_shape_or_position_change,16,15270.585421156538,0.0,0.0,5.473443596417208
2014,building,1,14133,-18,-47,matched,286,50077.75866572119,0.0,0.0,277.85822890839205
2014,building,1,14133,-18,-47,possible_merge,10,4926.349573184067,0.0,0.0,2.3256931851468887
2014,building,1,14133,-18,-46,ambiguous_many_to_many,17,3658.2541410938866,0.0,0.0,4.16409629587932
2014,building,1,14133,-18,-46,indeterminate_geometry_quality,280,18792.570815725652,0.0,0.0,0.0
2014,building,1,14133,-18,-46,large_shape_or_position_change,81,7647.109418408853,0.0,0.0,27.816850630123565
2014,building,1,14133,-18,-46,matched,2737,282475.40934711584,0.0,0.0,2669.576600577349
2014,building,1,14133,-18,-46,possible_merge,94,11696.65007229581,0.0,0.0,27.13911054340442
2014,building,1,14133,-18,-46,possible_split,71,10661.677847159839,0.0,0.0,25.32122109228313
2014,building,1,14133,-18,-45,indeterminate_geometry_quality,22,1688.5255074314077,0.0,0.0,0.0
2014,building,1,14133,-18,-45,large_shape_or_position_change,3,105.67639878084329,0.0,0.0,0.9725813561646598
2014,building,1,14133,-18,-45,matched,67,10813.99181515742,0.0,0.0,64.91679308745402
2014,building,1,14133,-18,-45,possible_merge,3,124.57893462593594,0.0,0.0,0.5756823479514848
2014,building,1,14133,-18,-45,possible_split,6,2832.317341921782,0.0,0.0,1.5058144886619185
2014,building,1,14133,-17,-47,ambiguous_many_to_many,7,3071.31572198286,0.0,0.0,1.49240119462135
2014,building,1,14133,-17,-47,indeterminate_geometry_quality,54,3526.1911716354703,0.0,0.0,0.0
2014,building,1,14133,-17,-47,indeterminate_partition_boundary,3,67.8890826511029,0.0,0.0,0.0
2014,building,1,14133,-17,-47,large_shape_or_position_change,12,962.8845458139712,0.0,0.0,4.500448712603129
2014,building,1,14133,-17,-47,matched,468,44525.8185344181,0.0,0.0,453.10137703653265
2014,building,1,14133,-17,-47,possible_merge,17,753.2107481457529,0.0,0.0,5.360086454847514
2014,building,1,14133,-17,-47,possible_split,13,1620.6996089924123,0.0,0.0,5.943113460683145
2014,building,1,14133,-17,-46,ambiguous_survey_scale,1,643.3205756779341,0.0,0.0,0.10592272707929352
2014,building,1,14133,-17,-46,indeterminate_geometry_quality,65,3384.299605761538,0.0,0.0,0.0
2014,building,1,14133,-17,-46,large_shape_or_position_change,15,2029.1037458539263,0.0,0.0,5.242378763794236
2014,building,1,14133,-17,-46,matched,558,73249.4846909322,0.0,0.0,544.9000060659178
2014,building,1,14133,-17,-46,possible_merge,5,8880.157696486505,0.0,0.0,0.7622089177772698
2014,building,1,14133,-17,-46,possible_split,18,2706.5283621666244,0.0,0.0,6.120469836281662
2014,building,1,14133,-16,-47,ambiguous_many_to_many,5,2349.4781192899077,0.0,0.0,1.0078654346638167
2014,building,1,14133,-16,-47,indeterminate_geometry_quality,42,1938.7427914411412,0.0,0.0,0.0
2014,building,1,14133,-16,-47,indeterminate_partition_boundary,2,8.501425555622141,0.0,0.0,0.0
2014,building,1,14133,-16,-47,large_shape_or_position_change,30,2066.1754478295143,0.0,0.0,9.320580625501513
2014,building,1,14133,-16,-47,matched,570,52482.75868286315,0.0,0.0,549.2106853942898
2014,building,1,14133,-16,-47,possible_merge,31,2214.9641835958714,0.0,0.0,7.371762179350567
2014,building,1,14133,-16,-47,possible_split,21,2611.1549719731065,0.0,0.0,8.598228706300594
2014,building,1,14133,-16,-46,ambiguous_many_to_many,2,66.61296638362214,0.0,0.0,0.4953034066528252
2014,building,1,14133,-16,-46,indeterminate_geometry_quality,28,880.2240390410478,0.0,0.0,0.0
2014,building,1,14133,-16,-46,large_shape_or_position_change,16,1231.2819924553535,0.0,0.0,5.595560196727589
2014,building,1,14133,-16,-46,matched,499,49116.650291240934,0.0,0.0,486.2406758404133
2014,building,1,14133,-16,-46,possible_merge,11,537.4426019853358,0.0,0.0,3.1730335957577456
2014,building,1,14133,-16,-46,possible_split,15,1412.2166495305978,0.0,0.0,5.367893183595667
2014,building,1,14134,-19,-47,indeterminate_geometry_quality,14,672.4175223615749,0.0,0.0,0.0
2014,building,1,14134,-19,-47,large_shape_or_position_change,9,587.9925399242047,0.0,0.0,2.932761993880164
2014,building,1,14134,-19,-47,matched,295,27572.95901702984,0.0,0.0,286.14061052118046
2014,building,1,14134,-19,-47,possible_merge,4,788.7811036937744,0.0,0.0,1.4897325212895698
2014,building,1,14134,-19,-47,possible_split,8,781.3690788462255,0.0,0.0,2.9939882055944445
2014,building,1,14134,-19,-46,ambiguous_many_to_many,2,337.78175538330134,0.0,0.0,0.7177122773247268
2014,building,1,14134,-19,-46,indeterminate_geometry_quality,49,2149.4381303498444,0.0,0.0,0.0
2014,building,1,14134,-19,-46,indeterminate_partition_boundary,3,95.12763803479037,0.0,0.0,0.0
2014,building,1,14134,-19,-46,large_shape_or_position_change,13,1367.5197858095612,0.0,0.0,3.3918415376683666
2014,building,1,14134,-19,-46,matched,781,81535.55922158106,0.0,0.0,755.8420056837098
2014,building,1,14134,-19,-46,possible_merge,22,3022.539925290195,0.0,0.0,5.821047876842597
2014,building,1,14134,-19,-46,possible_split,19,2219.3256227533434,0.0,0.0,6.984894243812835
2014,building,1,14134,-19,-45,ambiguous_many_to_many,21,9466.971979253,0.0,0.0,4.312791936017474
2014,building,1,14134,-19,-45,indeterminate_geometry_quality,161,11246.178259721339,0.0,0.0,0.0
2014,building,1,14134,-19,-45,indeterminate_partition_boundary,3,494.3921795111157,0.0,0.0,0.0
2014,building,1,14134,-19,-45,large_shape_or_position_change,62,5819.533150237523,0.0,0.0,20.0687951096332
2014,building,1,14134,-19,-45,matched,1670,183093.80999021197,0.0,0.0,1616.613468842805
2014,building,1,14134,-19,-45,possible_merge,83,6053.903039759826,0.0,0.0,21.014588041805396
2014,building,1,14134,-19,-45,possible_split,46,6545.766995896246,0.0,0.0,16.825791452412318
2014,building,1,14134,-19,-44,indeterminate_geometry_quality,14,792.6050486981158,0.0,0.0,0.0
2014,building,1,14134,-19,-44,indeterminate_partition_boundary,1,0.3193118229405059,0.0,0.0,0.0
2014,building,1,14134,-19,-44,large_shape_or_position_change,12,720.2427760547872,0.0,0.0,4.202430944051376
2014,building,1,14134,-19,-44,matched,445,45873.153623744736,0.0,0.0,431.1075333262187
2014,building,1,14134,-19,-44,possible_merge,6,228.19476342958805,0.0,0.0,1.930399172819435
2014,building,1,14134,-19,-44,possible_split,9,966.3834694155905,0.0,0.0,3.567502789921818
2014,building,1,14134,-18,-46,ambiguous_many_to_many,1,7919.243123051176,0.0,0.0,0.4690238550563083
2014,building,1,14134,-18,-46,indeterminate_geometry_quality,13,5062.902817363399,0.0,0.0,0.0
2014,building,1,14134,-18,-46,large_shape_or_position_change,6,469.55319401690457,0.0,0.0,2.0085029385206528
2014,building,1,14134,-18,-46,matched,64,8418.562476562696,0.0,0.0,61.947881676246006
2014,building,1,14134,-18,-46,possible_merge,4,172.4822693099776,0.0,0.0,1.0768332689514561
2014,building,1,14134,-18,-46,possible_split,7,964.5710249366848,0.0,0.0,2.3549267214110055
2014,building,1,14134,-18,-45,ambiguous_many_to_many,5,2793.8916693621286,0.0,0.0,0.9254356209502105
2014,building,1,14134,-18,-45,indeterminate_geometry_quality,82,8798.894814827667,0.0,0.0,0.0
2014,building,1,14134,-18,-45,large_shape_or_position_change,28,3611.044181598536,0.0,0.0,8.518766382923191
2014,building,1,14134,-18,-45,matched,598,80287.15641474999,0.0,0.0,583.7780171931332
2014,building,1,14134,-18,-45,possible_merge,24,9031.421836600644,0.0,0.0,6.853270232493813
2014,building,1,14134,-18,-45,possible_split,16,3790.6313723910853,0.0,0.0,5.807310524777527
2014,building,1,14382,-78,-86,matched,1,115.47423206177598,0.0,0.0,1.0000000000000002
2014,building,1,14382,-78,-85,matched,2,86.38101178595198,0.0,0.0,2.0
2014,building,1,14382,-78,-85,missing_in_newer_dataset,1,5.024672793800605,0.0,0.0,0.0
2014,building,1,14382,-78,-84,matched,17,2838.0060795963523,0.0,0.0,17.0
2014,building,1,14382,-77,-89,possible_merge,1,4.958792902451162,0.0,0.0,0.022255952764339063
2014,building,1,14382,-77,-85,large_shape_or_position_change,2,390.8159871478216,0.0,0.0,0.6154966893079892
2014,building,1,14382,-77,-85,matched,79,14556.097390539282,0.0,0.0,78.34648924706669
2014,building,1,14382,-77,-85,missing_in_newer_dataset,14,3369.922796825573,0.0,0.0,0.0
2014,building,1,14382,-77,-85,possible_split,2,1447.7445148305987,0.0,0.0,0.46519245771572426
2014,building,1,14382,-77,-84,matched,92,21371.724311680475,0.0,0.0,90.4642408674932
2014,building,1,14382,-77,-84,missing_in_newer_dataset,28,3844.875961426541,0.0,0.0,0.0
2014,building,1,14382,-77,-84,possible_merge,5,481.78940595939537,0.0,0.0,1.2078923464813387
2014,building,1,14382,-77,-83,matched,28,4657.305720179749,0.0,0.0,27.2837362578656
2014,building,1,14382,-77,-83,missing_in_newer_dataset,2,13.800206223898375,0.0,0.0,0.0
2014,building,1,14382,-76,-86,large_shape_or_position_change,1,66.58512282314182,0.0,0.0,0.4773471735136572
2014,building,1,14382,-76,-86,matched,7,470.6200471956739,0.0,0.0,6.180425857347389
2014,building,1,14382,-76,-85,ambiguous_many_to_many,2,260.50782627790966,0.0,0.0,0.7787232231985041
2014,building,1,14382,-76,-85,large_shape_or_position_change,4,514.5163901325931,0.0,0.0,0.780449210305738
2014,building,1,14382,-76,-85,matched,24,3438.2457281473,0.0,0.0,22.649621941554006
2014,building,1,14382,-76,-85,missing_in_newer_dataset,10,845.0973623343671,0.0,0.0,0.0
2014,building,1,14382,-76,-84,large_shape_or_position_change,2,641.4219286736688,0.0,0.0,0.3233270830155741
2014,building,1,14382,-76,-84,matched,55,11579.249086656322,0.0,0.0,54.20844536725647
2014,building,1,14382,-76,-84,missing_in_newer_dataset,4,131.44845501334555,0.0,0.0,0.0
2014,building,1,14382,-76,-83,matched,16,2870.4173271441405,0.0,0.0,15.999999438727997
2014,building,5,14133,-19,-47,ambiguous_many_to_many,20,760.2698046053113,0.0,0.0,18.74303052693208
2014,building,5,14133,-19,-47,indeterminate_geometry_quality,14,808.6579069876009,0.0,0.0,0.0
2014,building,5,14133,-19,-47,indeterminate_partition_boundary,3,83.97857840905071,0.0,0.0,0.0
2014,building,5,14133,-19,-47,large_shape_or_position_change,9,1235.3040749588317,0.0,0.0,3.1569508245067723
2014,building,5,14133,-19,-47,matched,372,32892.087940922924,0.0,0.0,360.30376230602593
2014,building,5,14133,-19,-47,possible_merge,15,732.8915294257805,0.0,0.0,3.99065305003418
2014,building,5,14133,-19,-47,possible_split,10,1369.6496977745778,0.0,0.0,4.47249138059676
2014,building,5,14133,-19,-46,ambiguous_many_to_many,50,1586.7317740107967,0.0,0.0,46.568254115825404
2014,building,5,14133,-19,-46,indeterminate_geometry_quality,115,5924.661900914336,0.0,0.0,0.0
2014,building,5,14133,-19,-46,large_shape_or_position_change,32,2567.144432095881,0.0,0.0,10.607707173612283
2014,building,5,14133,-19,-46,matched,1569,196270.78898014856,0.0,0.0,1526.302483124472
2014,building,5,14133,-19,-46,possible_merge,81,8987.37924981439,0.0,0.0,23.24454781262375
2014,building,5,14133,-19,-46,possible_split,34,3391.003411374602,0.0,0.0,16.820563011691483
2014,building,5,14133,-19,-45,ambiguous_many_to_many,13,371.26570326664165,0.0,0.0,12.391116556748953
2014,building,5,14133,-19,-45,indeterminate_geometry_quality,26,972.2609991863413,0.0,0.0,0.0
2014,building,5,14133,-19,-45,large_shape_or_position_change,7,3247.1422060572313,0.0,0.0,2.2241465470763275
2014,building,5,14133,-19,-45,matched,213,19931.35767655675,0.0,0.0,205.76211717263885
2014,building,5,14133,-19,-45,possible_merge,10,346.56544495013003,0.0,0.0,2.3326310662991134
2014,building,5,14133,-19,-45,possible_split,12,1508.1046880432232,0.0,0.0,4.609501652421375
2014,building,5,14133,-18,-47,ambiguous_many_to_many,11,234.82955048520068,0.0,0.0,11.0
2014,building,5,14133,-18,-47,indeterminate_geometry_quality,28,5198.121047115218,0.0,0.0,0.0
2014,building,5,14133,-18,-47,large_shape_or_position_change,16,15270.585421156538,0.0,0.0,5.473443596417208
2014,building,5,14133,-18,-47,matched,274,49803.38995244912,0.0,0.0,265.85822890839205
2014,building,5,14133,-18,-47,possible_merge,11,4986.325001771849,0.0,0.0,2.509834658086301
2014,building,5,14133,-18,-47,possible_split,1,39.539162786870776,0.0,0.0,1.0
2014,building,5,14133,-18,-46,ambiguous_many_to_many,134,6953.819875623008,0.0,0.0,109.3360157553484
2014,building,5,14133,-18,-46,indeterminate_geometry_quality,271,18558.438658443327,0.0,0.0,0.0
2014,building,5,14133,-18,-46,large_shape_or_position_change,79,7549.405918890928,0.0,0.0,26.712796462254467
2014,building,5,14133,-18,-46,matched,2624,279691.1994120446,0.0,0.0,2559.2881828211234
2014,building,5,14133,-18,-46,possible_merge,97,11679.557264671077,0.0,0.0,29.56201245136493
2014,building,5,14133,-18,-46,possible_split,75,10499.250512126906,0.0,0.0,29.474722084274404
2014,building,5,14133,-18,-45,ambiguous_many_to_many,3,104.60543541434083,0.0,0.0,2.9999999999999996
2014,building,5,14133,-18,-45,indeterminate_geometry_quality,21,1655.2160471089755,0.0,0.0,0.0
2014,building,5,14133,-18,-45,large_shape_or_position_change,3,105.67639878084329,0.0,0.0,0.9725813561646598
2014,building,5,14133,-18,-45,matched,63,10677.784924555786,0.0,0.0,60.916793087454025
2014,building,5,14133,-18,-45,possible_merge,5,189.4898501356605,0.0,0.0,1.5756823479514848
2014,building,5,14133,-18,-45,possible_split,6,2832.317341921782,0.0,0.0,1.5058144886619185
2014,building,5,14133,-17,-47,ambiguous_many_to_many,16,3472.8109895456582,0.0,0.0,8.6515622677165
2014,building,5,14133,-17,-47,indeterminate_geometry_quality,51,3481.2402687120293,0.0,0.0,0.0
2014,building,5,14133,-17,-47,indeterminate_partition_boundary,2,13.879629158962116,0.0,0.0,0.0
2014,building,5,14133,-17,-47,large_shape_or_position_change,14,1029.980570198488,0.0,0.0,4.779624941292871
2014,building,5,14133,-17,-47,matched,459,44295.49030678235,0.0,0.0,444.5639786434719
2014,building,5,14133,-17,-47,possible_merge,19,769.3093809630795,0.0,0.0,6.360086454847514
2014,building,5,14133,-17,-47,possible_split,13,1465.2982682791053,0.0,0.0,6.414625241054702
2014,building,5,14133,-17,-46,ambiguous_many_to_many,21,654.7007960622295,0.0,0.0,16.252311031820337
2014,building,5,14133,-17,-46,ambiguous_survey_scale,1,643.3205756779341,0.0,0.0,0.10592272707929352
2014,building,5,14133,-17,-46,indeterminate_geometry_quality,62,3308.128825793829,0.0,0.0,0.0
2014,building,5,14133,-17,-46,large_shape_or_position_change,12,1855.4658175353168,0.0,0.0,4.05655926062057
2014,building,5,14133,-17,-46,matched,543,72900.9553122782,0.0,0.0,529.9065840473914
2014,building,5,14133,-17,-46,possible_merge,5,8880.157696486505,0.0,0.0,0.7622089177772698
2014,building,5,14133,-17,-46,possible_split,18,2650.1656530447026,0.0,0.0,6.247865814001363
2014,building,5,14133,-16,-47,ambiguous_many_to_many,29,3365.970821929875,0.0,0.0,21.123326907697653
2014,building,5,14133,-16,-47,indeterminate_geometry_quality,37,1665.4948413511338,0.0,0.0,0.0
2014,building,5,14133,-16,-47,indeterminate_partition_boundary,4,213.3275683071341,0.0,0.0,0.0
2014,building,5,14133,-16,-47,large_shape_or_position_change,28,1943.0016018680335,0.0,0.0,8.767484384387673
2014,building,5,14133,-16,-47,matched,548,51714.2618162095,0.0,0.0,528.1515832635612
2014,building,5,14133,-16,-47,possible_merge,33,2244.1333195340835,0.0,0.0,8.371762179350567
2014,building,5,14133,-16,-47,possible_split,22,2525.5856533485494,0.0,0.0,9.282580452992825
2014,building,5,14133,-16,-46,ambiguous_many_to_many,15,494.0154054380652,0.0,0.0,13.495303406652825
2014,building,5,14133,-16,-46,indeterminate_geometry_quality,27,868.1653166989436,0.0,0.0,0.0
2014,building,5,14133,-16,-46,large_shape_or_position_change,15,1128.7343572732534,0.0,0.0,4.7949113335816085
2014,building,5,14133,-16,-46,matched,486,48689.24785218649,0.0,0.0,473.2406758404133
2014,building,5,14133,-16,-46,possible_merge,11,537.4426019853358,0.0,0.0,3.1730335957577456
2014,building,5,14133,-16,-46,possible_split,17,1526.823007054802,0.0,0.0,6.168542046741647
2014,building,5,14134,-19,-47,ambiguous_many_to_many,3,117.66581964167992,0.0,0.0,3.000000000000001
2014,building,5,14134,-19,-47,indeterminate_geometry_quality,13,648.4497505364521,0.0,0.0,0.0
2014,building,5,14134,-19,-47,large_shape_or_position_change,10,611.9603117493274,0.0,0.0,3.0650307250845117
2014,building,5,14134,-19,-47,matched,291,27378.61343960111,0.0,0.0,282.631772585727
2014,building,5,14134,-19,-47,possible_merge,4,788.7811036937744,0.0,0.0,1.4897325212895698
2014,building,5,14134,-19,-47,possible_split,9,858.0488366332747,0.0,0.0,3.5028261410478683
2014,building,5,14134,-19,-46,ambiguous_many_to_many,26,850.3550849383178,0.0,0.0,22.716865584755233
2014,building,5,14134,-19,-46,indeterminate_geometry_quality,46,2116.7377638413604,0.0,0.0,0.0
2014,building,5,14134,-19,-46,indeterminate_partition_boundary,4,109.29707693393513,0.0,0.0,0.0
2014,building,5,14134,-19,-46,large_shape_or_position_change,13,1369.5044142486934,0.0,0.0,2.9990155057594103
2014,building,5,14134,-19,-46,matched,759,81136.1907726453,0.0,0.0,733.945435542663
2014,building,5,14134,-19,-46,possible_merge,22,2997.9763438262175,0.0,0.0,5.877388400807768
2014,building,5,14134,-19,-46,possible_split,19,2147.230622768264,0.0,0.0,7.2187965853729406
2014,building,5,14134,-19,-45,ambiguous_many_to_many,75,10872.32736663984,0.0,0.0,54.51952652014515
2014,building,5,14134,-19,-45,indeterminate_geometry_quality,150,11068.424956794717,0.0,0.0,0.0
2014,building,5,14134,-19,-45,indeterminate_partition_boundary,3,494.3921795111157,0.0,0.0,0.0
2014,building,5,14134,-19,-45,large_shape_or_position_change,59,5771.760627238364,0.0,0.0,18.250598146248638
2014,building,5,14134,-19,-45,matched,1609,181532.8438343426,0.0,0.0,1557.569095018476
2014,building,5,14134,-19,-45,possible_merge,99,6250.665114133946,0.0,0.0,28.3756118759298
2014,building,5,14134,-19,-45,possible_split,51,6730.14151593045,0.0,0.0,20.33414325744153
2014,building,5,14134,-19,-44,ambiguous_many_to_many,21,937.6206998031671,0.0,0.0,17.299462766429293
2014,building,5,14134,-19,-44,indeterminate_geometry_quality,12,739.7058662956821,0.0,0.0,0.0
2014,building,5,14134,-19,-44,indeterminate_partition_boundary,1,0.3193118229405059,0.0,0.0,0.0
2014,building,5,14134,-19,-44,large_shape_or_position_change,12,720.2427760547872,0.0,0.0,4.202430944051376
2014,building,5,14134,-19,-44,matched,428,45298.35870834832,0.0,0.0,414.8720874899121
2014,building,5,14134,-19,-44,possible_merge,6,228.19476342958805,0.0,0.0,1.930399172819435
2014,building,5,14134,-19,-44,possible_split,7,656.4568674112705,0.0,0.0,2.64546944484687
2014,building,5,14134,-18,-46,ambiguous_many_to_many,4,7940.703619812205,0.0,0.0,2.3539525111851125
2014,building,5,14134,-18,-46,indeterminate_geometry_quality,13,5062.902817363399,0.0,0.0,0.0
2014,building,5,14134,-18,-46,large_shape_or_position_change,5,461.7183004981872,0.0,0.0,1.732320642059269
2014,building,5,14134,-18,-46,matched,62,8404.936873320385,0.0,0.0,60.339135316578584
2014,building,5,14134,-18,-46,possible_merge,4,172.4822693099776,0.0,0.0,1.0768332689514561
2014,building,5,14134,-18,-46,possible_split,7,964.5710249366848,0.0,0.0,2.3549267214110055
2014,building,5,14134,-18,-45,ambiguous_many_to_many,22,3263.8557999222276,0.0,0.0,17.92120843040743
2014,building,5,14134,-18,-45,indeterminate_geometry_quality,81,8772.086670810522,0.0,0.0,0.0
2014,building,5,14134,-18,-45,large_shape_or_position_change,28,3592.20587790666,0.0,0.0,8.035990659498994
2014,building,5,14134,-18,-45,matched,580,79755.42751960471,0.0,0.0,565.8160500049333
2014,building,5,14134,-18,-45,possible_merge,24,9031.421836600644,0.0,0.0,6.853270232493813
2014,building,5,14134,-18,-45,possible_split,18,3898.0425846852772,0.0,0.0,7.2562806269444025
2014,building,5,14382,-78,-86,matched,1,115.47423206177598,0.0,0.0,1.0000000000000002
2014,building,5,14382,-78,-85,matched,2,86.38101178595198,0.0,0.0,2.0
2014,building,5,14382,-78,-85,missing_in_newer_dataset,1,5.024672793800605,0.0,0.0,0.0
2014,building,5,14382,-78,-84,matched,17,2838.0060795963523,0.0,0.0,17.0
2014,building,5,14382,-77,-89,possible_merge,1,4.958792902451162,0.0,0.0,0.022255952764339063
2014,building,5,14382,-77,-85,ambiguous_many_to_many,2,25.385496946791797,0.0,0.0,1.0809004494508825
2014,building,5,14382,-77,-85,large_shape_or_position_change,2,390.8159871478216,0.0,0.0,0.6154966893079892
2014,building,5,14382,-77,-85,matched,78,14549.233264003375,0.0,0.0,77.70799587855684
2014,building,5,14382,-77,-85,missing_in_newer_dataset,14,3369.922796825573,0.0,0.0,0.0
2014,building,5,14382,-77,-85,possible_split,1,1429.2231444197153,0.0,0.0,0.022785376774677027
2014,building,5,14382,-77,-84,ambiguous_many_to_many,4,24.410310080603185,0.0,0.0,4.0
2014,building,5,14382,-77,-84,matched,88,21347.314001599872,0.0,0.0,86.4642408674932
2014,building,5,14382,-77,-84,missing_in_newer_dataset,28,3844.875961426541,0.0,0.0,0.0
2014,building,5,14382,-77,-84,possible_merge,5,481.78940595939537,0.0,0.0,1.2078923464813387
2014,building,5,14382,-77,-83,matched,28,4657.305720179749,0.0,0.0,27.2837362578656
2014,building,5,14382,-77,-83,missing_in_newer_dataset,2,13.800206223898375,0.0,0.0,0.0
2014,building,5,14382,-76,-86,large_shape_or_position_change,1,66.58512282314182,0.0,0.0,0.4773471735136572
2014,building,5,14382,-76,-86,matched,7,470.6200471956739,0.0,0.0,6.180425857347389
2014,building,5,14382,-76,-85,ambiguous_many_to_many,7,286.4646911917276,0.0,0.0,4.049477288501151
2014,building,5,14382,-76,-85,indeterminate_partition_boundary,1,14.572006744982826,0.0,0.0,0.0
2014,building,5,14382,-76,-85,large_shape_or_position_change,4,514.5163901325931,0.0,0.0,0.780449210305738
2014,building,5,14382,-76,-85,matched,20,3416.5508816032466,0.0,0.0,19.37886787625136
2014,building,5,14382,-76,-85,missing_in_newer_dataset,8,826.2633372196195,0.0,0.0,0.0
2014,building,5,14382,-76,-84,ambiguous_many_to_many,4,31.784519610536943,0.0,0.0,4.0
2014,building,5,14382,-76,-84,large_shape_or_position_change,2,641.4219286736688,0.0,0.0,0.3233270830155741
2014,building,5,14382,-76,-84,matched,51,11547.464567045785,0.0,0.0,50.20844536725647
2014,building,5,14382,-76,-84,missing_in_newer_dataset,4,131.44845501334555,0.0,0.0,0.0
2014,building,5,14382,-76,-83,matched,16,2870.4173271441405,0.0,0.0,15.999999438727997
2014,building,10,14133,-19,-47,ambiguous_many_to_many,254,15339.810519872286,0.0,0.0,227.95564875505363
2014,building,10,14133,-19,-47,indeterminate_geometry_quality,6,315.25617462536286,0.0,0.0,0.0
2014,building,10,14133,-19,-47,indeterminate_partition_boundary,1,46.72821483502866,0.0,0.0,0.0
2014,building,10,14133,-19,-47,large_shape_or_position_change,6,1122.315679951271,0.0,0.0,2.1713620510110365
2014,building,10,14133,-19,-47,matched,159,19290.35343040761,0.0,0.0,153.32854167717542
2014,building,10,14133,-19,-47,possible_merge,12,792.7692177965145,0.0,0.0,4.875873070329619
2014,building,10,14133,-19,-47,possible_split,5,975.6062955960047,0.0,0.0,2.3354625345259965
2014,building,10,14133,-19,-46,ambiguous_many_to_many,884,53408.31775726385,0.0,0.0,796.9911568160243
2014,building,10,14133,-19,-46,indeterminate_geometry_quality,92,4552.630122174539,0.0,0.0,0.0
2014,building,10,14133,-19,-46,large_shape_or_position_change,22,2025.3053357033627,0.0,0.0,6.892867070049569
2014,building,10,14133,-19,-46,matched,804,151011.54481136738,0.0,0.0,783.9611689339011
2014,building,10,14133,-19,-46,possible_merge,54,4909.516525793088,0.0,0.0,19.381918986873703
2014,building,10,14133,-19,-46,possible_split,25,2820.395196056361,0.0,0.0,16.806695227420466
2014,building,10,14133,-19,-45,ambiguous_many_to_many,124,6247.240948233731,0.0,0.0,102.34699309236902
2014,building,10,14133,-19,-45,indeterminate_geometry_quality,21,777.9867044426908,0.0,0.0,0.0
2014,building,10,14133,-19,-45,large_shape_or_position_change,4,3139.178778798961,0.0,0.0,1.2144335591710345
2014,building,10,14133,-19,-45,matched,125,15174.016313720324,0.0,0.0,120.90203797521505
2014,building,10,14133,-19,-45,possible_merge,2,93.66536297628215,0.0,0.0,0.7085911460723844
2014,building,10,14133,-19,-45,possible_split,5,944.6086098883268,0.0,0.0,2.284898979256252
2014,building,10,14133,-18,-47,ambiguous_many_to_many,121,6267.662819091852,0.0,0.0,108.02105896287874
2014,building,10,14133,-18,-47,indeterminate_geometry_quality,23,4900.214125062835,0.0,0.0,0.0
2014,building,10,14133,-18,-47,large_shape_or_position_change,11,14994.344119336294,0.0,0.0,3.206722844007546
2014,building,10,14133,-18,-47,matched,174,44401.33657935226,0.0,0.0,169.92348892850646
2014,building,10,14133,-18,-47,possible_merge,10,4916.258186711147,0.0,0.0,2.8180378373243165
2014,building,10,14133,-18,-47,possible_split,2,52.97430621040789,0.0,0.0,2.0
2014,building,10,14133,-18,-46,ambiguous_many_to_many,1473,82262.80065505023,0.0,0.0,1330.9358512997449
2014,building,10,14133,-18,-46,indeterminate_geometry_quality,225,16875.472561032097,0.0,0.0,0.0
2014,building,10,14133,-18,-46,large_shape_or_position_change,53,6392.550335098626,0.0,0.0,16.739821550442908
2014,building,10,14133,-18,-46,matched,1366,210929.6683944803,0.0,0.0,1337.403375186214
2014,building,10,14133,-18,-46,possible_merge,101,10983.848949560586,0.0,0.0,34.31446144654074
2014,building,10,14133,-18,-46,possible_split,62,7487.330746578035,0.0,0.0,35.29954442908474
2014,building,10,14133,-18,-45,ambiguous_many_to_many,41,2182.942328469616,0.0,0.0,31.965900232957765
2014,building,10,14133,-18,-45,indeterminate_geometry_quality,13,1294.5600945529147,0.0,0.0,0.0
2014,building,10,14133,-18,-45,large_shape_or_position_change,1,13.081745794012173,0.0,0.0,0.0
2014,building,10,14133,-18,-45,matched,35,9421.947570100328,0.0,0.0,33.85257353667902
2014,building,10,14133,-18,-45,possible_merge,7,285.7311283181573,0.0,0.0,1.14508009395572
2014,building,10,14133,-18,-45,possible_split,4,2366.8271306823603,0.0,0.0,1.2430315394684035
2014,building,10,14133,-17,-47,ambiguous_many_to_many,235,16248.700164296415,0.0,0.0,203.26822494519638
2014,building,10,14133,-17,-47,indeterminate_geometry_quality,40,3176.586208803236,0.0,0.0,0.0
2014,building,10,14133,-17,-47,indeterminate_partition_boundary,1,1.3813614938044803,0.0,0.0,0.0
2014,building,10,14133,-17,-47,large_shape_or_position_change,10,671.7017140089407,0.0,0.0,2.2414241358318447
2014,building,10,14133,-17,-47,matched,260,32812.01120825526,0.0,0.0,252.85617622354522
2014,building,10,14133,-17,-47,possible_merge,18,631.52559260125,0.0,0.0,5.432194841078814
2014,building,10,14133,-17,-47,possible_split,10,986.1031641807643,0.0,0.0,7.128371382508647
2014,building,10,14133,-17,-46,ambiguous_many_to_many,290,16115.555017690058,0.0,0.0,266.80604091470474
2014,building,10,14133,-17,-46,ambiguous_survey_scale,1,643.3205756779341,0.0,0.0,0.10592272707929352
2014,building,10,14133,-17,-46,indeterminate_geometry_quality,60,3205.8351043558946,0.0,0.0,0.0
2014,building,10,14133,-17,-46,large_shape_or_position_change,7,1506.753369940623,0.0,0.0,1.9751412284783456
2014,building,10,14133,-17,-46,matched,290,58981.309562675444,0.0,0.0,283.22476773112186
2014,building,10,14133,-17,-46,possible_merge,5,8880.157696486505,0.0,0.0,0.7622089177772698
2014,building,10,14133,-17,-46,possible_split,9,1559.963350052258,0.0,0.0,4.606430287412282
2014,building,10,14133,-16,-47,ambiguous_many_to_many,356,23162.869630098823,0.0,0.0,303.23394155066137
2014,building,10,14133,-16,-47,indeterminate_geometry_quality,29,1403.816377406257,0.0,0.0,0.0
2014,building,10,14133,-16,-47,indeterminate_partition_boundary,3,124.11395791277681,0.0,0.0,0.0
2014,building,10,14133,-16,-47,large_shape_or_position_change,12,1178.8811472205239,0.0,0.0,4.0943782073911885
2014,building,10,14133,-16,-47,matched,260,34564.77074071845,0.0,0.0,251.0120577745917
2014,building,10,14133,-16,-47,possible_merge,26,1756.40059547192,0.0,0.0,7.8738177752165175
2014,building,10,14133,-16,-47,possible_split,15,1480.9231737195623,0.0,0.0,9.587741902882028
2014,building,10,14133,-16,-46,ambiguous_many_to_many,268,16118.567976718616,0.0,0.0,240.87512286917828
2014,building,10,14133,-16,-46,indeterminate_geometry_quality,23,713.1614306776282,0.0,0.0,0.0
2014,building,10,14133,-16,-46,large_shape_or_position_change,9,459.31393280010315,0.0,0.0,2.414055517878147
2014,building,10,14133,-16,-46,matched,257,35099.35026735349,0.0,0.0,251.69106781101132
2014,building,10,14133,-16,-46,possible_merge,7,318.1024454521437,0.0,0.0,2.3306265482994033
2014,building,10,14133,-16,-46,possible_split,7,535.9324876349106,0.0,0.0,3.561593476779955
2014,building,10,14134,-19,-47,ambiguous_many_to_many,131,7369.921787228188,0.0,0.0,120.88012421200159
2014,building,10,14134,-19,-47,indeterminate_geometry_quality,9,434.05158404495205,0.0,0.0,0.0
2014,building,10,14134,-19,-47,large_shape_or_position_change,5,315.69490708452787,0.0,0.0,1.7536954354469532
2014,building,10,14134,-19,-47,matched,170,20554.48757302074,0.0,0.0,164.42380719244375
2014,building,10,14134,-19,-47,possible_merge,8,1038.2056010864942,0.0,0.0,3.48973252128957
2014,building,10,14134,-19,-47,possible_split,7,691.1578093907169,0.0,0.0,3.1420026119670945
2014,building,10,14134,-19,-46,ambiguous_many_to_many,451,23730.25485075651,0.0,0.0,412.7914495351169
2014,building,10,14134,-19,-46,indeterminate_geometry_quality,33,1514.5263184378102,0.0,0.0,0.0
2014,building,10,14134,-19,-46,indeterminate_partition_boundary,3,75.41739366514588,0.0,0.0,0.0
2014,building,10,14134,-19,-46,large_shape_or_position_change,7,1098.5321950911123,0.0,0.0,1.2977582369812126
2014,building,10,14134,-19,-46,matched,350,59458.03388793973,0.0,0.0,339.886557329761
2014,building,10,14134,-19,-46,possible_merge,28,3279.4945894528355,0.0,0.0,8.14653200853649
2014,building,10,14134,-19,-46,possible_split,17,1571.0328438589413,0.0,0.0,10.635204508962783
2014,building,10,14134,-19,-45,ambiguous_many_to_many,910,56793.79811331783,0.0,0.0,814.551416262921
2014,building,10,14134,-19,-45,indeterminate_geometry_quality,117,9459.978229347616,0.0,0.0,0.0
2014,building,10,14134,-19,-45,indeterminate_partition_boundary,2,487.2597780200434,0.0,0.0,0.0
2014,building,10,14134,-19,-45,large_shape_or_position_change,49,5151.171663943746,0.0,0.0,12.637229506536451
2014,building,10,14134,-19,-45,matched,822,139499.49215735574,0.0,0.0,792.6246725478615
2014,building,10,14134,-19,-45,possible_merge,95,6032.327509918813,0.0,0.0,28.232173339497724
2014,building,10,14134,-19,-45,possible_split,51,5296.5281426872525,0.0,0.0,32.09309429811806
2014,building,10,14134,-19,-44,ambiguous_many_to_many,254,13893.555365732116,0.0,0.0,228.17480170777037
2014,building,10,14134,-19,-44,indeterminate_geometry_quality,7,473.38233690905844,0.0,0.0,0.0
2014,building,10,14134,-19,-44,indeterminate_partition_boundary,1,0.3193118229405059,0.0,0.0,0.0
2014,building,10,14134,-19,-44,large_shape_or_position_change,4,177.30498627402164,0.0,0.0,1.1843611960795764
2014,building,10,14134,-19,-44,matched,214,33528.75186407936,0.0,0.0,209.01740727687988
2014,building,10,14134,-19,-44,possible_merge,2,85.43903166514202,0.0,0.0,0.3986025152531453
2014,building,10,14134,-19,-44,possible_split,5,422.1460966831243,0.0,0.0,2.4125880935151995
2014,building,10,14134,-18,-46,ambiguous_many_to_many,52,11425.283474964352,0.0,0.0,43.319464783822966
2014,building,10,14134,-18,-46,indeterminate_geometry_quality,13,5062.902817363399,0.0,0.0,0.0
2014,building,10,14134,-18,-46,large_shape_or_position_change,3,399.44170285810367,0.0,0.0,0.7723714995253139
2014,building,10,14134,-18,-46,matched,23,5897.126140602583,0.0,0.0,21.599842845324936
2014,building,10,14134,-18,-46,possible_merge,2,158.1615766606767,0.0,0.0,0.8531010747179146
2014,building,10,14134,-18,-46,possible_split,2,64.39919279172365,0.0,0.0,1.3123882567942924
2014,building,10,14134,-18,-45,ambiguous_many_to_many,313,20968.776182436053,0.0,0.0,281.4476934250877
2014,building,10,14134,-18,-45,indeterminate_geometry_quality,69,8146.4680942511695,0.0,0.0,0.0
2014,building,10,14134,-18,-45,large_shape_or_position_change,20,2804.45520980587,0.0,0.0,4.701676016172002
2014,building,10,14134,-18,-45,matched,306,63872.999549844775,0.0,0.0,299.57460242269497
2014,building,10,14134,-18,-45,possible_merge,22,8756.568999385461,0.0,0.0,6.7317438358870305
2014,building,10,14134,-18,-45,possible_split,23,3763.7722538067173,0.0,0.0,13.825512663232544
2014,building,10,14382,-78,-86,matched,1,115.47423206177598,0.0,0.0,1.0000000000000002
2014,building,10,14382,-78,-85,matched,2,86.38101178595198,0.0,0.0,2.0
2014,building,10,14382,-78,-85,missing_in_newer_dataset,1,5.024672793800605,0.0,0.0,0.0
2014,building,10,14382,-78,-84,matched,17,2838.0060795963523,0.0,0.0,17.0
2014,building,10,14382,-77,-89,possible_merge,1,4.958792902451162,0.0,0.0,0.022255952764339063
2014,building,10,14382,-77,-85,ambiguous_many_to_many,8,255.50263655693357,0.0,0.0,7.080900449450882
2014,building,10,14382,-77,-85,large_shape_or_position_change,2,390.8159871478216,0.0,0.0,0.6154966893079892
2014,building,10,14382,-77,-85,matched,72,14319.116124393233,0.0,0.0,71.70799587855684
2014,building,10,14382,-77,-85,missing_in_newer_dataset,14,3369.922796825573,0.0,0.0,0.0
2014,building,10,14382,-77,-85,possible_split,1,1429.2231444197153,0.0,0.0,0.022785376774677027
2014,building,10,14382,-77,-84,ambiguous_many_to_many,11,216.22017949267737,0.0,0.0,10.999999999999998
2014,building,10,14382,-77,-84,matched,80,21143.232254383052,0.0,0.0,78.46424086749322
2014,building,10,14382,-77,-84,missing_in_newer_dataset,27,3833.10860969495,0.0,0.0,0.0
2014,building,10,14382,-77,-84,possible_merge,7,505.8286354957334,0.0,0.0,2.207892346481338
2014,building,10,14382,-77,-83,matched,28,4657.305720179749,0.0,0.0,27.2837362578656
2014,building,10,14382,-77,-83,missing_in_newer_dataset,2,13.800206223898375,0.0,0.0,0.0
2014,building,10,14382,-76,-86,large_shape_or_position_change,1,66.58512282314182,0.0,0.0,0.4773471735136572
2014,building,10,14382,-76,-86,matched,7,470.6200471956739,0.0,0.0,6.180425857347389
2014,building,10,14382,-76,-85,ambiguous_many_to_many,7,286.4646911917276,0.0,0.0,4.049477288501151
2014,building,10,14382,-76,-85,indeterminate_partition_boundary,1,14.572006744982826,0.0,0.0,0.0
2014,building,10,14382,-76,-85,large_shape_or_position_change,3,312.47417677082046,0.0,0.0,0.7606934924287487
2014,building,10,14382,-76,-85,matched,20,3416.5508816032466,0.0,0.0,19.37886787625136
2014,building,10,14382,-76,-85,missing_in_newer_dataset,8,826.2633372196195,0.0,0.0,0.0
2014,building,10,14382,-76,-85,possible_split,1,202.04221336177267,0.0,0.0,0.17973201464709018
2014,building,10,14382,-76,-84,ambiguous_many_to_many,4,31.784519610536943,0.0,0.0,4.0
2014,building,10,14382,-76,-84,large_shape_or_position_change,2,641.4219286736688,0.0,0.0,0.3233270830155741
2014,building,10,14382,-76,-84,matched,50,11448.827390361996,0.0,0.0,49.20844536725647
2014,building,10,14382,-76,-84,missing_in_newer_dataset,3,33.29114055835747,0.0,0.0,0.0
2014,building,10,14382,-76,-84,possible_merge,2,196.7944911387778,0.0,0.0,1.0000000000000002
2014,building,10,14382,-76,-83,matched,16,2870.4173271441405,0.0,0.0,15.999999438727997
2014,road_edge,1,14133,-19,-47,edge_geometry_disagreement,1,0.0,4.000132175798567,4.000132175798567,0.0
2014,road_edge,1,14133,-19,-47,indeterminate_partition_boundary,57,0.0,1227.18667780319,13.64031913939862,0.0
2014,road_edge,1,14133,-19,-47,spatially_agreeing,135,0.0,6032.363197496876,2.572162583156069,0.0
2014,road_edge,1,14133,-19,-46,edge_geometry_disagreement,45,0.0,2486.2505334082066,1109.5084934672095,0.0
2014,road_edge,1,14133,-19,-46,spatially_agreeing,855,0.0,31503.555113016515,103.91854766872967,0.0
2014,road_edge,1,14133,-19,-45,edge_geometry_disagreement,8,0.0,43.9807474857808,25.003997140123317,0.0
2014,road_edge,1,14133,-19,-45,spatially_agreeing,68,0.0,4057.439599184953,0.0,0.0
2014,road_edge,1,14133,-18,-47,edge_geometry_disagreement,7,0.0,278.1279830051675,114.67833458608185,0.0
2014,road_edge,1,14133,-18,-47,indeterminate_partition_boundary,44,0.0,1202.305770129477,51.011817131033034,0.0
2014,road_edge,1,14133,-18,-47,spatially_agreeing,69,0.0,6436.963145706017,39.22371999496789,0.0
2014,road_edge,1,14133,-18,-46,edge_geometry_disagreement,82,0.0,6185.645906070229,1930.748684557621,0.0
2014,road_edge,1,14133,-18,-46,spatially_agreeing,545,0.0,45816.34924837257,540.9450721195377,0.0
2014,road_edge,1,14133,-18,-45,edge_geometry_disagreement,23,0.0,372.2942392188463,257.5208839504407,0.0
2014,road_edge,1,14133,-18,-45,spatially_agreeing,39,0.0,2643.6616561743094,5.565004408272438,0.0
2014,road_edge,1,14133,-17,-47,edge_geometry_disagreement,23,0.0,1403.6403995857481,674.4546299329505,0.0
2014,road_edge,1,14133,-17,-47,indeterminate_partition_boundary,48,0.0,1696.7588184806748,117.09470572515664,0.0
2014,road_edge,1,14133,-17,-47,spatially_agreeing,86,0.0,5078.519895878568,48.60448958034781,0.0
2014,road_edge,1,14133,-17,-46,edge_geometry_disagreement,55,0.0,4024.231220345235,2025.851172144244,0.0
2014,road_edge,1,14133,-17,-46,spatially_agreeing,164,0.0,14033.016532275255,94.89274702421557,0.0
2014,road_edge,1,14133,-17,-45,edge_geometry_disagreement,1,0.0,1.9075015230353232,0.9624867191855231,0.0
2014,road_edge,1,14133,-16,-47,edge_geometry_disagreement,3,0.0,184.71413944343095,56.32308261936967,0.0
2014,road_edge,1,14133,-16,-47,indeterminate_partition_boundary,51,0.0,1574.0384620360298,18.664588348027007,0.0
2014,road_edge,1,14133,-16,-47,spatially_agreeing,151,0.0,8847.357603670285,27.630717862148686,0.0
2014,road_edge,1,14133,-16,-46,edge_geometry_disagreement,38,0.0,2220.471239605955,1160.641356845521,0.0
2014,road_edge,1,14133,-16,-46,spatially_agreeing,137,0.0,9099.629749326938,68.55989723229177,0.0
2014,road_edge,1,14133,-15,-47,spatially_agreeing,1,0.0,261.253075819375,0.0,0.0
2014,road_edge,1,14134,-19,-47,indeterminate_partition_boundary,40,0.0,1004.2490772020806,6.586972536018913,0.0
2014,road_edge,1,14134,-19,-47,spatially_agreeing,166,0.0,4223.642223796808,7.217267050269147,0.0
2014,road_edge,1,14134,-19,-46,edge_geometry_disagreement,19,0.0,1597.526234921172,728.94515529921,0.0
2014,road_edge,1,14134,-19,-46,indeterminate_partition_boundary,105,0.0,2662.339507788271,80.61633643871954,0.0
2014,road_edge,1,14134,-19,-46,spatially_agreeing,444,0.0,14660.773465512788,14.661032143901704,0.0
2014,road_edge,1,14134,-19,-45,edge_geometry_disagreement,71,0.0,5722.681617743946,1656.4290880804976,0.0
2014,road_edge,1,14134,-19,-45,indeterminate_partition_boundary,72,0.0,2326.3373843040645,101.56345735773317,0.0
2014,road_edge,1,14134,-19,-45,spatially_agreeing,439,0.0,34984.19058592668,322.39123417729536,0.0
2014,road_edge,1,14134,-19,-44,edge_geometry_disagreement,14,0.0,470.16935162543604,116.54182322700242,0.0
2014,road_edge,1,14134,-19,-44,indeterminate_partition_boundary,41,0.0,3136.5480581415654,43.26821339221556,0.0
2014,road_edge,1,14134,-19,-44,spatially_agreeing,81,0.0,7444.990339372808,19.633926842830185,0.0
2014,road_edge,1,14134,-18,-46,edge_geometry_disagreement,3,0.0,166.3394948181616,137.36709097427888,0.0
2014,road_edge,1,14134,-18,-46,spatially_agreeing,27,0.0,1896.0621925568448,10.178275345723788,0.0
2014,road_edge,1,14134,-18,-45,edge_geometry_disagreement,24,0.0,937.9330679321287,337.9283725129355,0.0
2014,road_edge,1,14134,-18,-45,spatially_agreeing,203,0.0,14596.697747109167,138.17604277736018,0.0
2014,road_edge,1,14382,-79,-85,edge_geometry_disagreement,2,0.0,11.297321548521905,3.4532637449213226,0.0
2014,road_edge,1,14382,-79,-84,indeterminate_partition_boundary,1,0.0,328.70230722330405,0.0,0.0
2014,road_edge,1,14382,-79,-84,spatially_agreeing,5,0.0,250.72415761831866,0.0,0.0
2014,road_edge,1,14382,-78,-88,edge_geometry_disagreement,2,0.0,1392.50810764975,689.6939624305764,0.0
2014,road_edge,1,14382,-78,-87,edge_geometry_disagreement,6,0.0,1966.80669627488,1704.0755186109911,0.0
2014,road_edge,1,14382,-78,-86,edge_geometry_disagreement,5,0.0,3333.6579411550783,1880.7830397746454,0.0
2014,road_edge,1,14382,-78,-86,spatially_agreeing,18,0.0,2032.572291042393,0.0,0.0
2014,road_edge,1,14382,-78,-85,edge_geometry_disagreement,21,0.0,5475.343837671669,2374.8688776157255,0.0
2014,road_edge,1,14382,-78,-85,spatially_agreeing,23,0.0,4687.719178075558,2.6476388562984945,0.0
2014,road_edge,1,14382,-78,-84,edge_geometry_disagreement,7,0.0,1062.5461122375502,547.2774891115702,0.0
2014,road_edge,1,14382,-78,-84,spatially_agreeing,72,0.0,13162.785640856546,45.211401350052874,0.0
2014,road_edge,1,14382,-78,-83,edge_geometry_disagreement,5,0.0,215.65370207578556,215.65370207578556,0.0
2014,road_edge,1,14382,-78,-83,indeterminate_partition_boundary,4,0.0,870.1120838341747,0.0,0.0
2014,road_edge,1,14382,-78,-83,spatially_agreeing,2,0.0,371.81834434758343,0.0,0.0
2014,road_edge,1,14382,-77,-90,edge_geometry_disagreement,1,0.0,12.17881354057889,10.102381931572273,0.0
2014,road_edge,1,14382,-77,-89,edge_geometry_disagreement,19,0.0,1820.8001409017336,1563.662709456528,0.0
2014,road_edge,1,14382,-77,-88,edge_geometry_disagreement,3,0.0,3311.3056643173395,2591.7919579246736,0.0
2014,road_edge,1,14382,-77,-88,indeterminate_partition_boundary,1,0.0,955.09475414057,0.0,0.0
2014,road_edge,1,14382,-77,-88,spatially_agreeing,1,0.0,1151.2502730471335,0.0,0.0
2014,road_edge,1,14382,-77,-87,spatially_agreeing,1,0.0,886.0933012949744,0.0,0.0
2014,road_edge,1,14382,-77,-86,indeterminate_partition_boundary,1,0.0,911.5281968720492,0.0,0.0
2014,road_edge,1,14382,-77,-86,spatially_agreeing,4,0.0,2288.3417483010144,0.0,0.0
2014,road_edge,1,14382,-77,-85,edge_geometry_disagreement,42,0.0,5350.792394361524,1998.04357102394,0.0
2014,road_edge,1,14382,-77,-85,indeterminate_partition_boundary,1,0.0,1513.1060161111016,298.4304910589042,0.0
2014,road_edge,1,14382,-77,-85,spatially_agreeing,62,0.0,6486.826902385076,102.72839462447952,0.0
2014,road_edge,1,14382,-77,-84,edge_geometry_disagreement,43,0.0,5378.176051886758,1633.791459797747,0.0
2014,road_edge,1,14382,-77,-84,indeterminate_partition_boundary,6,0.0,5359.243238799526,254.01045590838135,0.0
2014,road_edge,1,14382,-77,-84,spatially_agreeing,160,0.0,25284.464698606505,540.9652356532415,0.0
2014,road_edge,1,14382,-77,-83,edge_geometry_disagreement,3,0.0,45.534288993338016,19.247834874639324,0.0
2014,road_edge,1,14382,-77,-83,indeterminate_partition_boundary,15,0.0,1397.4305447608408,9.03600395419095,0.0
2014,road_edge,1,14382,-77,-83,spatially_agreeing,12,0.0,259.3662739647907,0.0,0.0
2014,road_edge,1,14382,-76,-90,edge_geometry_disagreement,1,0.0,288.7757814899147,86.43165490613085,0.0
2014,road_edge,1,14382,-76,-90,indeterminate_partition_boundary,1,0.0,282.78433169707995,175.06640299351224,0.0
2014,road_edge,1,14382,-76,-90,spatially_agreeing,1,0.0,320.72419305739226,0.0,0.0
2014,road_edge,1,14382,-76,-89,indeterminate_partition_boundary,2,0.0,813.5562949921103,288.83770549273333,0.0
2014,road_edge,1,14382,-76,-86,edge_geometry_disagreement,4,0.0,429.5842526465803,61.04547190853381,0.0
2014,road_edge,1,14382,-76,-86,indeterminate_partition_boundary,17,0.0,2595.3251814033115,450.48919258901196,0.0
2014,road_edge,1,14382,-76,-86,spatially_agreeing,11,0.0,818.2035448439176,4.435389160558106,0.0
2014,road_edge,1,14382,-76,-85,edge_geometry_disagreement,4,0.0,331.87105411981884,194.62741294568488,0.0
2014,road_edge,1,14382,-76,-85,indeterminate_partition_boundary,8,0.0,2239.591151038837,328.1978541435047,0.0
2014,road_edge,1,14382,-76,-85,spatially_agreeing,7,0.0,620.5111353568112,2.6572814353641907,0.0
2014,road_edge,1,14382,-76,-84,edge_geometry_disagreement,2,0.0,128.1374455090692,128.1374455090692,0.0
2014,road_edge,1,14382,-76,-84,indeterminate_partition_boundary,16,0.0,2579.037850001753,193.8434232340632,0.0
2014,road_edge,1,14382,-76,-84,spatially_agreeing,23,0.0,2966.1580313698655,12.330313683978495,0.0
2014,road_edge,1,14382,-76,-83,indeterminate_partition_boundary,3,0.0,495.4305813016631,24.3375276751094,0.0
2014,road_edge,5,14133,-19,-47,edge_geometry_disagreement,1,0.0,4.000132175798567,4.000132175798567,0.0
2014,road_edge,5,14133,-19,-47,indeterminate_partition_boundary,57,0.0,1227.18667780319,9.34263458420349,0.0
2014,road_edge,5,14133,-19,-47,spatially_agreeing,135,0.0,6032.363197496876,0.0,0.0
2014,road_edge,5,14133,-19,-46,edge_geometry_disagreement,15,0.0,1000.346123025408,280.43165127882907,0.0
2014,road_edge,5,14133,-19,-46,spatially_agreeing,885,0.0,32989.45952339931,35.68905808770169,0.0
2014,road_edge,5,14133,-19,-45,spatially_agreeing,76,0.0,4101.420346670734,0.0,0.0
2014,road_edge,5,14133,-18,-47,edge_geometry_disagreement,1,0.0,33.4368024566548,14.44121298736427,0.0
2014,road_edge,5,14133,-18,-47,indeterminate_partition_boundary,45,0.0,1209.8667133096576,0.0,0.0
2014,road_edge,5,14133,-18,-47,spatially_agreeing,74,0.0,6674.093383074349,0.24397315902031508,0.0
2014,road_edge,5,14133,-18,-46,edge_geometry_disagreement,33,0.0,1947.8084292757414,553.4851763437555,0.0
2014,road_edge,5,14133,-18,-46,spatially_agreeing,594,0.0,50054.186725167056,126.87023062148404,0.0
2014,road_edge,5,14133,-18,-45,edge_geometry_disagreement,12,0.0,87.40892722813629,87.40892722813629,0.0
2014,road_edge,5,14133,-18,-45,spatially_agreeing,50,0.0,2928.5469681650193,0.0,0.0
2014,road_edge,5,14133,-17,-47,edge_geometry_disagreement,6,0.0,435.2841295393596,221.8107377043629,0.0
2014,road_edge,5,14133,-17,-47,indeterminate_partition_boundary,50,0.0,1778.0327470227203,0.0,0.0
2014,road_edge,5,14133,-17,-47,spatially_agreeing,101,0.0,5965.60223738291,12.622050766748831,0.0
2014,road_edge,5,14133,-17,-46,edge_geometry_disagreement,36,0.0,2469.8869527395054,724.1741583759687,0.0
2014,road_edge,5,14133,-17,-46,spatially_agreeing,183,0.0,15587.360799880986,12.059970138149676,0.0
2014,road_edge,5,14133,-17,-45,spatially_agreeing,1,0.0,1.9075015230353232,0.0,0.0
2014,road_edge,5,14133,-16,-47,edge_geometry_disagreement,1,0.0,2.9985910725352585,2.9985910725352585,0.0
2014,road_edge,5,14133,-16,-47,indeterminate_partition_boundary,61,0.0,2093.9431632850196,0.0,0.0
2014,road_edge,5,14133,-16,-47,spatially_agreeing,143,0.0,8509.168450792191,5.722697862955607,0.0
2014,road_edge,5,14133,-16,-46,edge_geometry_disagreement,9,0.0,980.6377749064907,433.8220929990793,0.0
2014,road_edge,5,14133,-16,-46,spatially_agreeing,166,0.0,10339.463214026402,4.202395384138343,0.0
2014,road_edge,5,14133,-15,-47,spatially_agreeing,1,0.0,261.253075819375,0.0,0.0
2014,road_edge,5,14134,-19,-47,indeterminate_partition_boundary,40,0.0,1004.2490772020806,0.0,0.0
2014,road_edge,5,14134,-19,-47,spatially_agreeing,166,0.0,4223.642223796808,0.0,0.0
2014,road_edge,5,14134,-19,-46,edge_geometry_disagreement,8,0.0,359.8612493038485,134.71185014954247,0.0
2014,road_edge,5,14134,-19,-46,indeterminate_partition_boundary,109,0.0,2717.302878315091,21.572275937691703,0.0
2014,road_edge,5,14134,-19,-46,spatially_agreeing,451,0.0,15843.47508060329,3.2491629807211035,0.0
2014,road_edge,5,14134,-19,-45,edge_geometry_disagreement,28,0.0,1784.920357985755,571.6049855126527,0.0
2014,road_edge,5,14134,-19,-45,indeterminate_partition_boundary,79,0.0,3033.836084296263,62.98393713865465,0.0
2014,road_edge,5,14134,-19,-45,spatially_agreeing,475,0.0,38214.45314569266,155.909688775414,0.0
2014,road_edge,5,14134,-19,-44,edge_geometry_disagreement,5,0.0,17.585304117446448,17.585304117446448,0.0
2014,road_edge,5,14134,-19,-44,indeterminate_partition_boundary,42,0.0,3140.548663324187,0.09233806499149823,0.0
2014,road_edge,5,14134,-19,-44,spatially_agreeing,89,0.0,7893.573781698176,5.468348852293809,0.0
2014,road_edge,5,14134,-18,-46,spatially_agreeing,30,0.0,2062.4016873750065,0.0,0.0
2014,road_edge,5,14134,-18,-45,edge_geometry_disagreement,5,0.0,162.4137372852941,39.24086469417448,0.0
2014,road_edge,5,14134,-18,-45,spatially_agreeing,222,0.0,15372.217077756002,30.010078467039136,0.0
2014,road_edge,5,14382,-79,-85,spatially_agreeing,2,0.0,11.297321548521905,0.0,0.0
2014,road_edge,5,14382,-79,-84,indeterminate_partition_boundary,1,0.0,328.70230722330405,0.0,0.0
2014,road_edge,5,14382,-79,-84,spatially_agreeing,5,0.0,250.72415761831866,0.0,0.0
2014,road_edge,5,14382,-78,-88,edge_geometry_disagreement,2,0.0,1392.50810764975,677.5878236069238,0.0
2014,road_edge,5,14382,-78,-87,edge_geometry_disagreement,6,0.0,1966.80669627488,674.211167592197,0.0
2014,road_edge,5,14382,-78,-86,edge_geometry_disagreement,5,0.0,3333.6579411550783,660.360394561662,0.0
2014,road_edge,5,14382,-78,-86,spatially_agreeing,18,0.0,2032.572291042393,0.0,0.0
2014,road_edge,5,14382,-78,-85,edge_geometry_disagreement,5,0.0,1555.9524977205372,402.85444089979393,0.0
2014,road_edge,5,14382,-78,-85,spatially_agreeing,39,0.0,8607.11051802669,0.0,0.0
2014,road_edge,5,14382,-78,-84,edge_geometry_disagreement,4,0.0,383.4352525005735,180.48677114195038,0.0
2014,road_edge,5,14382,-78,-84,indeterminate_partition_boundary,1,0.0,623.3607177321835,0.0,0.0
2014,road_edge,5,14382,-78,-84,spatially_agreeing,74,0.0,13218.53578286134,19.153454723368544,0.0
2014,road_edge,5,14382,-78,-83,edge_geometry_disagreement,5,0.0,215.65370207578556,215.65370207578556,0.0
2014,road_edge,5,14382,-78,-83,indeterminate_partition_boundary,4,0.0,870.1120838341747,0.0,0.0
2014,road_edge,5,14382,-78,-83,spatially_agreeing,2,0.0,371.81834434758343,0.0,0.0
2014,road_edge,5,14382,-77,-90,spatially_agreeing,1,0.0,12.17881354057889,0.530185740872687,0.0
2014,road_edge,5,14382,-77,-89,edge_geometry_disagreement,17,0.0,1402.1526647895523,1066.33217500942,0.0
2014,road_edge,5,14382,-77,-89,spatially_agreeing,2,0.0,418.6474761121812,36.05467532326072,0.0
2014,road_edge,5,14382,-77,-88,edge_geometry_disagreement,3,0.0,3311.3056643173395,1038.3289658215917,0.0
2014,road_edge,5,14382,-77,-88,indeterminate_partition_boundary,1,0.0,955.09475414057,0.0,0.0
2014,road_edge,5,14382,-77,-88,spatially_agreeing,1,0.0,1151.2502730471335,0.0,0.0
2014,road_edge,5,14382,-77,-87,spatially_agreeing,1,0.0,886.0933012949744,0.0,0.0
2014,road_edge,5,14382,-77,-86,indeterminate_partition_boundary,2,0.0,1825.0566197283524,0.0,0.0
2014,road_edge,5,14382,-77,-86,spatially_agreeing,3,0.0,1374.8133254447112,0.0,0.0
2014,road_edge,5,14382,-77,-85,edge_geometry_disagreement,13,0.0,1476.9794829590678,480.91589094318755,0.0
2014,road_edge,5,14382,-77,-85,indeterminate_partition_boundary,1,0.0,1513.1060161111016,222.25650055246643,0.0
2014,road_edge,5,14382,-77,-85,spatially_agreeing,91,0.0,10360.639813787533,89.37052602661892,0.0
2014,road_edge,5,14382,-77,-84,edge_geometry_disagreement,23,0.0,2217.288355584719,851.7834532232769,0.0
2014,road_edge,5,14382,-77,-84,indeterminate_partition_boundary,6,0.0,5359.243238799526,44.14529033279742,0.0
2014,road_edge,5,14382,-77,-84,spatially_agreeing,180,0.0,28445.352394908547,126.67865857035153,0.0
2014,road_edge,5,14382,-77,-83,edge_geometry_disagreement,3,0.0,45.534288993338016,9.991698552696798,0.0
2014,road_edge,5,14382,-77,-83,indeterminate_partition_boundary,15,0.0,1397.4305447608408,0.0,0.0
2014,road_edge,5,14382,-77,-83,spatially_agreeing,12,0.0,259.3662739647907,0.0,0.0
2014,road_edge,5,14382,-76,-90,indeterminate_partition_boundary,1,0.0,282.78433169707995,28.275784562062707,0.0
2014,road_edge,5,14382,-76,-90,spatially_agreeing,2,0.0,609.4999745473069,7.608212216129517,0.0
2014,road_edge,5,14382,-76,-89,indeterminate_partition_boundary,2,0.0,813.5562949921103,274.05158574827027,0.0
2014,road_edge,5,14382,-76,-86,indeterminate_partition_boundary,19,0.0,2612.906840008983,247.78444651413085,0.0
2014,road_edge,5,14382,-76,-86,spatially_agreeing,13,0.0,1230.206138884826,34.81707547754649,0.0
2014,road_edge,5,14382,-76,-85,edge_geometry_disagreement,2,0.0,80.07583928956912,20.767026957310556,0.0
2014,road_edge,5,14382,-76,-85,indeterminate_partition_boundary,8,0.0,2239.591151038837,85.7385612964425,0.0
2014,road_edge,5,14382,-76,-85,spatially_agreeing,9,0.0,872.306350187061,0.0,0.0
2014,road_edge,5,14382,-76,-84,edge_geometry_disagreement,2,0.0,128.1374455090692,128.1374455090692,0.0
2014,road_edge,5,14382,-76,-84,indeterminate_partition_boundary,17,0.0,2730.404277317704,79.10358372308968,0.0
2014,road_edge,5,14382,-76,-84,spatially_agreeing,22,0.0,2814.791604053915,1.8436442211647406,0.0
2014,road_edge,5,14382,-76,-83,indeterminate_partition_boundary,3,0.0,495.4305813016631,0.0,0.0
2014,road_edge,10,14133,-19,-47,edge_geometry_disagreement,1,0.0,4.000132175798567,4.000132175798567,0.0
2014,road_edge,10,14133,-19,-47,indeterminate_partition_boundary,61,0.0,1356.2304826224,9.34263458420349,0.0
2014,road_edge,10,14133,-19,-47,spatially_agreeing,131,0.0,5903.319392677666,0.0,0.0
2014,road_edge,10,14133,-19,-46,edge_geometry_disagreement,1,0.0,112.22768405862485,12.876050855733576,0.0
2014,road_edge,10,14133,-19,-46,spatially_agreeing,899,0.0,33877.57796236609,36.82307235588752,0.0
2014,road_edge,10,14133,-19,-45,spatially_agreeing,76,0.0,4101.420346670734,0.0,0.0
2014,road_edge,10,14133,-18,-47,indeterminate_partition_boundary,47,0.0,1400.5747554240882,0.0,0.0
2014,road_edge,10,14133,-18,-47,spatially_agreeing,73,0.0,6516.8221434165725,0.0,0.0
2014,road_edge,10,14133,-18,-46,edge_geometry_disagreement,15,0.0,417.47602406288615,112.11277756316858,0.0
2014,road_edge,10,14133,-18,-46,spatially_agreeing,612,0.0,51584.519130379915,82.96515947087465,0.0
2014,road_edge,10,14133,-18,-45,edge_geometry_disagreement,12,0.0,87.40892722813629,87.40892722813629,0.0
2014,road_edge,10,14133,-18,-45,spatially_agreeing,50,0.0,2928.5469681650193,0.0,0.0
2014,road_edge,10,14133,-17,-47,edge_geometry_disagreement,4,0.0,31.952579909950227,31.952579909950227,0.0
2014,road_edge,10,14133,-17,-47,indeterminate_partition_boundary,50,0.0,1778.0327470227203,0.0,0.0
2014,road_edge,10,14133,-17,-47,spatially_agreeing,103,0.0,6368.93378701232,0.0,0.0
2014,road_edge,10,14133,-17,-46,edge_geometry_disagreement,26,0.0,736.0384567203917,269.14247559413155,0.0
2014,road_edge,10,14133,-17,-46,spatially_agreeing,193,0.0,17321.2092959001,82.71605210072832,0.0
2014,road_edge,10,14133,-17,-45,spatially_agreeing,1,0.0,1.9075015230353232,0.0,0.0
2014,road_edge,10,14133,-16,-47,indeterminate_partition_boundary,64,0.0,2257.1776927125643,0.0,0.0
2014,road_edge,10,14133,-16,-47,spatially_agreeing,141,0.0,8348.932512437183,0.0,0.0
2014,road_edge,10,14133,-16,-46,edge_geometry_disagreement,4,0.0,540.1411590430133,83.16322485758454,0.0
2014,road_edge,10,14133,-16,-46,spatially_agreeing,171,0.0,10779.959829889878,0.0,0.0
2014,road_edge,10,14133,-15,-47,spatially_agreeing,1,0.0,261.253075819375,0.0,0.0
2014,road_edge,10,14134,-19,-47,indeterminate_partition_boundary,41,0.0,1008.2494221412053,0.0,0.0
2014,road_edge,10,14134,-19,-47,spatially_agreeing,165,0.0,4219.641878857683,0.0,0.0
2014,road_edge,10,14134,-19,-46,edge_geometry_disagreement,7,0.0,355.8601866772891,97.26857059495464,0.0
2014,road_edge,10,14134,-19,-46,indeterminate_partition_boundary,115,0.0,2935.872275002945,0.0,0.0
2014,road_edge,10,14134,-19,-46,spatially_agreeing,446,0.0,15628.906746541996,0.0,0.0
2014,road_edge,10,14134,-19,-45,edge_geometry_disagreement,17,0.0,1358.8936848198837,268.6726681727749,0.0
2014,road_edge,10,14134,-19,-45,indeterminate_partition_boundary,81,0.0,3042.5624308232873,29.714217103331706,0.0
2014,road_edge,10,14134,-19,-45,spatially_agreeing,484,0.0,38631.75347233151,75.95010963881947,0.0
2014,road_edge,10,14134,-19,-44,edge_geometry_disagreement,5,0.0,17.585304117446448,17.585304117446448,0.0
2014,road_edge,10,14134,-19,-44,indeterminate_partition_boundary,44,0.0,3242.9515363778783,0.0,0.0
2014,road_edge,10,14134,-19,-44,spatially_agreeing,87,0.0,7791.170908644484,0.35528702199811973,0.0
2014,road_edge,10,14134,-18,-46,spatially_agreeing,30,0.0,2062.4016873750065,0.0,0.0
2014,road_edge,10,14134,-18,-45,edge_geometry_disagreement,3,0.0,59.81547491011272,12.924347683289104,0.0
2014,road_edge,10,14134,-18,-45,spatially_agreeing,224,0.0,15474.815340131183,5.850258087123222,0.0
2014,road_edge,10,14382,-79,-85,spatially_agreeing,2,0.0,11.297321548521905,0.0,0.0
2014,road_edge,10,14382,-79,-84,indeterminate_partition_boundary,1,0.0,328.70230722330405,0.0,0.0
2014,road_edge,10,14382,-79,-84,spatially_agreeing,5,0.0,250.72415761831866,0.0,0.0
2014,road_edge,10,14382,-78,-88,edge_geometry_disagreement,1,0.0,823.6552382509277,147.58150357375635,0.0
2014,road_edge,10,14382,-78,-88,spatially_agreeing,1,0.0,568.8528693988221,48.93627121297196,0.0
2014,road_edge,10,14382,-78,-87,edge_geometry_disagreement,1,0.0,583.6122823575826,123.95574016531879,0.0
2014,road_edge,10,14382,-78,-87,spatially_agreeing,5,0.0,1383.1944139172974,13.094102292904145,0.0
2014,road_edge,10,14382,-78,-86,edge_geometry_disagreement,2,0.0,456.54709853936754,82.3071283032359,0.0
2014,road_edge,10,14382,-78,-86,spatially_agreeing,21,0.0,4909.683133658104,92.39464111879687,0.0
2014,road_edge,10,14382,-78,-85,edge_geometry_disagreement,2,0.0,989.6441651945077,165.15012426744997,0.0
2014,road_edge,10,14382,-78,-85,spatially_agreeing,42,0.0,9173.41885055272,42.50788739799032,0.0
2014,road_edge,10,14382,-78,-84,edge_geometry_disagreement,4,0.0,383.4352525005735,149.921242778656,0.0
2014,road_edge,10,14382,-78,-84,indeterminate_partition_boundary,1,0.0,623.3607177321835,0.0,0.0
2014,road_edge,10,14382,-78,-84,spatially_agreeing,74,0.0,13218.53578286134,0.0,0.0
2014,road_edge,10,14382,-78,-83,edge_geometry_disagreement,5,0.0,215.65370207578556,215.65370207578556,0.0
2014,road_edge,10,14382,-78,-83,indeterminate_partition_boundary,6,0.0,1241.930428181758,0.0,0.0
2014,road_edge,10,14382,-77,-90,spatially_agreeing,1,0.0,12.17881354057889,0.0,0.0
2014,road_edge,10,14382,-77,-89,edge_geometry_disagreement,15,0.0,606.9413491988183,530.8097042238292,0.0
2014,road_edge,10,14382,-77,-89,indeterminate_partition_boundary,1,0.0,481.5792411227939,460.0653449458252,0.0
2014,road_edge,10,14382,-77,-89,spatially_agreeing,3,0.0,732.2795505801214,4.2971306121317,0.0
2014,road_edge,10,14382,-77,-88,edge_geometry_disagreement,1,0.0,1090.3388412265479,168.44102330923624,0.0
2014,road_edge,10,14382,-77,-88,indeterminate_partition_boundary,1,0.0,955.09475414057,0.0,0.0
2014,road_edge,10,14382,-77,-88,spatially_agreeing,3,0.0,3372.217096137925,201.7355133503039,0.0
2014,road_edge,10,14382,-77,-87,spatially_agreeing,1,0.0,886.0933012949744,0.0,0.0
2014,road_edge,10,14382,-77,-86,indeterminate_partition_boundary,2,0.0,1825.0566197283524,0.0,0.0
2014,road_edge,10,14382,-77,-86,spatially_agreeing,3,0.0,1374.8133254447112,0.0,0.0
2014,road_edge,10,14382,-77,-85,edge_geometry_disagreement,9,0.0,1282.1599953904936,262.38903064356526,0.0
2014,road_edge,10,14382,-77,-85,indeterminate_partition_boundary,1,0.0,1513.1060161111016,103.37111782714837,0.0
2014,road_edge,10,14382,-77,-85,spatially_agreeing,95,0.0,10555.459301356106,27.571025117730553,0.0
2014,road_edge,10,14382,-77,-84,edge_geometry_disagreement,13,0.0,1802.886979869761,591.1756586410116,0.0
2014,road_edge,10,14382,-77,-84,indeterminate_partition_boundary,6,0.0,5359.243238799526,30.81110494457363,0.0
2014,road_edge,10,14382,-77,-84,spatially_agreeing,190,0.0,28859.7537706235,45.49005933119594,0.0
2014,road_edge,10,14382,-77,-83,indeterminate_partition_boundary,15,0.0,1397.4305447608408,0.0,0.0
2014,road_edge,10,14382,-77,-83,spatially_agreeing,15,0.0,304.9005629581287,0.0,0.0
2014,road_edge,10,14382,-76,-90,indeterminate_partition_boundary,1,0.0,282.78433169707995,0.0,0.0
2014,road_edge,10,14382,-76,-90,spatially_agreeing,2,0.0,609.4999745473069,2.597535464787267,0.0
2014,road_edge,10,14382,-76,-89,indeterminate_partition_boundary,2,0.0,813.5562949921103,260.63874062017555,0.0
2014,road_edge,10,14382,-76,-86,indeterminate_partition_boundary,20,0.0,3021.9058408036203,135.45798486005623,0.0
2014,road_edge,10,14382,-76,-86,spatially_agreeing,12,0.0,821.2071380901889,0.0,0.0
2014,road_edge,10,14382,-76,-85,indeterminate_partition_boundary,8,0.0,2239.591151038837,62.801936907215264,0.0
2014,road_edge,10,14382,-76,-85,spatially_agreeing,11,0.0,952.3821894766301,0.0,0.0
2014,road_edge,10,14382,-76,-84,edge_geometry_disagreement,2,0.0,128.1374455090692,128.1374455090692,0.0
2014,road_edge,10,14382,-76,-84,indeterminate_partition_boundary,19,0.0,2838.661309131976,59.88443641332447,0.0
2014,road_edge,10,14382,-76,-84,spatially_agreeing,20,0.0,2706.534572239643,0.0,0.0
2014,road_edge,10,14382,-76,-83,indeterminate_partition_boundary,3,0.0,495.4305813016631,0.0,0.0
2025,building,1,14133,-19,-47,indeterminate_geometry_quality,33,1336.8321830176887,0.0,0.0,0.0
2025,building,1,14133,-19,-47,indeterminate_partition_boundary,1,1.088474630663139,0.0,0.0,0.0
2025,building,1,14133,-19,-47,large_shape_or_position_change,10,916.9833090233386,0.0,0.0,3.6382356426320994
2025,building,1,14133,-19,-47,matched,392,33728.74804037505,0.0,0.0,379.046792832958
2025,building,1,14133,-19,-47,possible_merge,7,1293.5377685485862,0.0,0.0,2.3189794232862395
2025,building,1,14133,-19,-47,possible_split,20,1154.6483042787593,0.0,0.0,6.177191238957946
2025,building,1,14133,-19,-46,indeterminate_geometry_quality,239,13661.904308394305,0.0,0.0,0.0
2025,building,1,14133,-19,-46,large_shape_or_position_change,36,4641.478074585591,0.0,0.0,11.84627933747826
2025,building,1,14133,-19,-46,matched,1624,198298.9846993251,0.0,0.0,1580.846354434083
2025,building,1,14133,-19,-46,possible_merge,31,12419.09743243387,0.0,0.0,13.865295783145005
2025,building,1,14133,-19,-46,possible_split,59,2578.0440047184434,0.0,0.0,17.104695565599588
2025,building,1,14133,-19,-45,indeterminate_geometry_quality,21,534.6824494090639,0.0,0.0,0.0
2025,building,1,14133,-19,-45,large_shape_or_position_change,7,312.65528135897256,0.0,0.0,2.6222687398828706
2025,building,1,14133,-19,-45,matched,226,20413.27201861187,0.0,0.0,218.44656762325224
2025,building,1,14133,-19,-45,possible_merge,3,394.677565871846,0.0,0.0,1.4209962705003891
2025,building,1,14133,-19,-45,possible_split,25,1363.7392559236525,0.0,0.0,7.64911098338536
2025,building,1,14133,-18,-47,indeterminate_geometry_quality,55,2689.3743025932954,0.0,0.0,0.0
2025,building,1,14133,-18,-47,indeterminate_partition_boundary,3,87.47038155817535,0.0,0.0,0.0
2025,building,1,14133,-18,-47,large_shape_or_position_change,17,7121.138230581045,0.0,0.0,5.9649337405028655
2025,building,1,14133,-18,-47,matched,285,50043.742702166615,0.0,0.0,277.256016589852
2025,building,1,14133,-18,-47,possible_merge,3,5136.707160413935,0.0,0.0,1.2980202253399655
2025,building,1,14133,-18,-46,ambiguous_many_to_many,14,5355.868545455952,0.0,0.0,4.161778392029375
2025,building,1,14133,-18,-46,indeterminate_geometry_quality,467,19840.754647503556,0.0,0.0,0.0
2025,building,1,14133,-18,-46,large_shape_or_position_change,80,8192.251890840096,0.0,0.0,27.236981763248377
2025,building,1,14133,-18,-46,matched,2739,282492.29681534675,0.0,0.0,2670.88517122094
2025,building,1,14133,-18,-46,possible_merge,40,13424.86408958222,0.0,0.0,19.701811417203132
2025,building,1,14133,-18,-46,possible_split,180,8617.015039493986,0.0,0.0,46.82263591546681
2025,building,1,14133,-18,-45,indeterminate_geometry_quality,29,844.1082836032386,0.0,0.0,0.0
2025,building,1,14133,-18,-45,large_shape_or_position_change,3,117.89452835098558,0.0,0.0,0.9725813561646598
2025,building,1,14133,-18,-45,matched,66,10388.570484091295,0.0,0.0,64.23490117265943
2025,building,1,14133,-18,-45,possible_merge,2,329.96151070161886,0.0,0.0,0.48045732294320154
2025,building,1,14133,-18,-45,possible_split,33,1795.221504843125,0.0,0.0,3.351563661960772
2025,building,1,14133,-17,-47,ambiguous_many_to_many,4,3048.518754164028,0.0,0.0,1.4758258356209772
2025,building,1,14133,-17,-47,indeterminate_geometry_quality,93,3342.0088174534335,0.0,0.0,0.0
2025,building,1,14133,-17,-47,indeterminate_partition_boundary,7,786.7745981483904,0.0,0.0,0.0
2025,building,1,14133,-17,-47,large_shape_or_position_change,12,1076.1280145609142,0.0,0.0,4.500448712603129
2025,building,1,14133,-17,-47,matched,469,44638.13566252879,0.0,0.0,453.7035893550727
2025,building,1,14133,-17,-47,possible_merge,8,980.2399331186874,0.0,0.0,3.767022387132222
2025,building,1,14133,-17,-47,possible_split,26,1456.3061567946254,0.0,0.0,8.87081892469235
2025,building,1,14133,-17,-46,ambiguous_survey_scale,1,3664.302609013261,0.0,0.0,0.10592272707929352
2025,building,1,14133,-17,-46,indeterminate_geometry_quality,95,7124.6655036203,0.0,0.0,0.0
2025,building,1,14133,-17,-46,large_shape_or_position_change,16,894.9717219304902,0.0,0.0,5.60693978304515
2025,building,1,14133,-17,-46,matched,558,72900.89169113529,0.0,0.0,544.9000060659178
2025,building,1,14133,-17,-46,possible_merge,2,20943.23904722582,0.0,0.0,0.6264333150971548
2025,building,1,14133,-17,-46,possible_split,39,2346.6317719607114,0.0,0.0,10.45236032023827
2025,building,1,14133,-16,-47,ambiguous_many_to_many,9,1901.4371172386084,0.0,0.0,0.8050412591971685
2025,building,1,14133,-16,-47,indeterminate_geometry_quality,85,2977.3028837865963,0.0,0.0,0.0
2025,building,1,14133,-16,-47,indeterminate_partition_boundary,5,92.50376971055951,0.0,0.0,0.0
2025,building,1,14133,-16,-47,large_shape_or_position_change,30,2613.0547517174937,0.0,0.0,9.320580625501513
2025,building,1,14133,-16,-47,matched,571,52990.33530364507,0.0,0.0,549.7991061178753
2025,building,1,14133,-16,-47,possible_merge,12,3824.1542528180325,0.0,0.0,4.411942078928335
2025,building,1,14133,-16,-47,possible_split,50,2318.3815321589295,0.0,0.0,14.957263086259054
2025,building,1,14133,-16,-46,ambiguous_many_to_many,2,75.73388438625918,0.0,0.0,0.6313306049668451
2025,building,1,14133,-16,-46,indeterminate_geometry_quality,92,3266.630882705706,0.0,0.0,0.0
2025,building,1,14133,-16,-46,large_shape_or_position_change,16,1079.1691908837115,0.0,0.0,5.595560196727589
2025,building,1,14133,-16,-46,matched,498,48816.411506862605,0.0,0.0,485.6522551168278
2025,building,1,14133,-16,-46,possible_merge,6,701.0773393075319,0.0,0.0,2.1972129180207083
2025,building,1,14133,-16,-46,possible_split,34,1239.1807472379817,0.0,0.0,10.414542324980264
2025,building,1,14134,-19,-47,indeterminate_geometry_quality,39,2340.6369039142164,0.0,0.0,0.0
2025,building,1,14134,-19,-47,indeterminate_partition_boundary,4,92.57996537081189,0.0,0.0,0.0
2025,building,1,14134,-19,-47,large_shape_or_position_change,9,505.1716817762662,0.0,0.0,2.932761993880164
2025,building,1,14134,-19,-47,matched,296,27928.4031033851,0.0,0.0,286.657690915274
2025,building,1,14134,-19,-47,possible_merge,2,759.7832064977608,0.0,0.0,1.1849160634205682
2025,building,1,14134,-19,-47,possible_split,17,745.0351423087568,0.0,0.0,5.582047162465887
2025,building,1,14134,-19,-46,ambiguous_many_to_many,2,294.2529985689174,0.0,0.0,0.7177122773247268
2025,building,1,14134,-19,-46,indeterminate_geometry_quality,110,7204.099862473576,0.0,0.0,0.0
2025,building,1,14134,-19,-46,indeterminate_partition_boundary,4,25.882204457967678,0.0,0.0,0.0
2025,building,1,14134,-19,-46,large_shape_or_position_change,12,1723.5194292351594,0.0,0.0,3.218860500405924
2025,building,1,14134,-19,-46,matched,780,81804.78097801364,0.0,0.0,755.3249252896163
2025,building,1,14134,-19,-46,possible_merge,9,5084.336562832024,0.0,0.0,3.4664742234217405
2025,building,1,14134,-19,-46,possible_split,43,1834.7344315550774,0.0,0.0,12.140785854656873
2025,building,1,14134,-19,-45,ambiguous_many_to_many,13,17516.84563107314,0.0,0.0,3.290945173006618
2025,building,1,14134,-19,-45,indeterminate_geometry_quality,438,25264.35934259156,0.0,0.0,0.0
2025,building,1,14134,-19,-45,indeterminate_partition_boundary,7,233.4078854999143,0.0,0.0,0.0
2025,building,1,14134,-19,-45,large_shape_or_position_change,64,6438.51244777584,0.0,0.0,20.677809739785502
2025,building,1,14134,-19,-45,matched,1669,183419.42188083706,0.0,0.0,1615.879613388096
2025,building,1,14134,-19,-45,possible_merge,33,9992.108437922145,0.0,0.0,14.051041925150106
2025,building,1,14134,-19,-45,possible_split,105,5929.871605568066,0.0,0.0,29.068505869682603
2025,building,1,14134,-19,-44,ambiguous_many_to_many,1,120.6716498390399,0.0,0.0,0.4937366399562645
2025,building,1,14134,-19,-44,indeterminate_geometry_quality,50,1214.1438162486993,0.0,0.0,0.0
2025,building,1,14134,-19,-44,indeterminate_partition_boundary,2,6.796826387780427,0.0,0.0,0.0
2025,building,1,14134,-19,-44,large_shape_or_position_change,11,546.9918038618457,0.0,0.0,3.7663973511615163
2025,building,1,14134,-19,-44,matched,445,45621.69530237427,0.0,0.0,431.1075333262187
2025,building,1,14134,-19,-44,possible_merge,3,232.9462278942979,0.0,0.0,1.1031268364214273
2025,building,1,14134,-19,-44,possible_split,20,814.4919756638959,0.0,0.0,5.643692529555824
2025,building,1,14134,-18,-46,ambiguous_many_to_many,2,9306.810029658367,0.0,0.0,0.4790536483846953
2025,building,1,14134,-18,-46,indeterminate_geometry_quality,32,2351.893752589954,0.0,0.0,0.0
2025,building,1,14134,-18,-46,large_shape_or_position_change,5,265.67131511376834,0.0,0.0,1.732320642059269
2025,building,1,14134,-18,-46,matched,64,8451.388884408912,0.0,0.0,61.947881676246006
2025,building,1,14134,-18,-46,possible_merge,2,223.48876999101927,0.0,0.0,0.5832806509734267
2025,building,1,14134,-18,-46,possible_split,19,844.9332203735381,0.0,0.0,4.817424633890695
2025,building,1,14134,-18,-45,ambiguous_many_to_many,2,421.17948398444724,0.0,0.0,0.39728238113057635
2025,building,1,14134,-18,-45,indeterminate_geometry_quality,213,25456.64008214926,0.0,0.0,0.0
2025,building,1,14134,-18,-45,large_shape_or_position_change,28,2938.9474851244236,0.0,0.0,8.518766382923191
2025,building,1,14134,-18,-45,matched,598,79588.93010039406,0.0,0.0,583.7780171931332
2025,building,1,14134,-18,-45,possible_merge,10,19533.25471688338,0.0,0.0,4.51013381791268
2025,building,1,14134,-18,-45,possible_split,37,1744.1984393864893,0.0,0.0,9.882258022295106
2025,building,1,14382,-78,-86,matched,1,115.47423206177598,0.0,0.0,1.0000000000000002
2025,building,1,14382,-78,-85,matched,2,86.38101178595198,0.0,0.0,2.0
2025,building,1,14382,-78,-84,matched,17,2838.0060795963523,0.0,0.0,17.0
2025,building,1,14382,-77,-85,ambiguous_many_to_many,1,60.81570286468321,0.0,0.0,0.40575378917888355
2025,building,1,14382,-77,-85,large_shape_or_position_change,2,1296.6936968982875,0.0,0.0,0.6154966893079892
2025,building,1,14382,-77,-85,matched,79,14539.033114784244,0.0,0.0,78.34648924706669
2025,building,1,14382,-77,-85,only_in_newer_dataset,18,2693.1613426534054,0.0,0.0,0.0
2025,building,1,14382,-77,-85,possible_split,4,53.55141443292363,0.0,0.0,0.6365090582958184
2025,building,1,14382,-77,-84,matched,92,21466.444325717068,0.0,0.0,90.4642408674932
2025,building,1,14382,-77,-84,possible_merge,2,362.98057026537606,0.0,0.0,0.6082634870990407
2025,building,1,14382,-77,-83,matched,28,4666.302244063172,0.0,0.0,27.2837362578656
2025,building,1,14382,-77,-83,only_in_newer_dataset,1,38.462979670150084,0.0,0.0,0.0
2025,building,1,14382,-76,-86,large_shape_or_position_change,1,57.18025664886096,0.0,0.0,0.4773471735136572
2025,building,1,14382,-76,-86,matched,7,538.0173630968181,0.0,0.0,6.180425857347389
2025,building,1,14382,-76,-85,ambiguous_many_to_many,2,202.46233853687687,0.0,0.0,0.7673622242172287
2025,building,1,14382,-76,-85,indeterminate_partition_boundary,1,36.53826969852828,0.0,0.0,0.0
2025,building,1,14382,-76,-85,large_shape_or_position_change,4,575.8474423969856,0.0,0.0,0.7804492103057379
2025,building,1,14382,-76,-85,matched,24,3438.91649608611,0.0,0.0,22.649621941554006
2025,building,1,14382,-76,-85,only_in_newer_dataset,9,1117.7976707496189,0.0,0.0,0.0
2025,building,1,14382,-76,-84,large_shape_or_position_change,2,71.33815172363104,0.0,0.0,0.3233270830155741
2025,building,1,14382,-76,-84,matched,55,11649.98094384807,0.0,0.0,54.20844536725647
2025,building,1,14382,-76,-84,only_in_newer_dataset,3,372.83616688366067,0.0,0.0,0.0
2025,building,1,14382,-76,-83,indeterminate_partition_boundary,1,5.741787230733384,0.0,0.0,0.0
2025,building,1,14382,-76,-83,matched,16,2870.4175744845265,0.0,0.0,15.999999438727997
2025,building,5,14133,-19,-47,ambiguous_many_to_many,20,744.1605279272663,0.0,0.0,18.74303052693208
2025,building,5,14133,-19,-47,indeterminate_geometry_quality,30,1258.5829882829396,0.0,0.0,0.0
2025,building,5,14133,-19,-47,indeterminate_partition_boundary,3,33.7423993048801,0.0,0.0,0.0
2025,building,5,14133,-19,-47,large_shape_or_position_change,9,876.8305227898503,0.0,0.0,3.1569508245067723
2025,building,5,14133,-19,-47,matched,372,32984.58751244779,0.0,0.0,360.30376230602593
2025,building,5,14133,-19,-47,possible_merge,7,1293.5377685485862,0.0,0.0,2.3189794232862395
2025,building,5,14133,-19,-47,possible_split,22,1240.3963605727797,0.0,0.0,6.801631408996412
2025,building,5,14133,-19,-46,ambiguous_many_to_many,50,1557.4613434848577,0.0,0.0,46.940544607650274
2025,building,5,14133,-19,-46,indeterminate_geometry_quality,229,13442.691489205085,0.0,0.0,0.0
2025,building,5,14133,-19,-46,large_shape_or_position_change,33,4487.066790567512,0.0,0.0,10.650106541650414
2025,building,5,14133,-19,-46,matched,1568,196626.6474525425,0.0,0.0,1525.6758043956759
2025,building,5,14133,-19,-46,possible_merge,34,12535.889459849197,0.0,0.0,16.240953617071984
2025,building,5,14133,-19,-46,possible_split,75,2949.751983808182,0.0,0.0,24.716024537044856
2025,building,5,14133,-19,-45,ambiguous_many_to_many,13,344.72244113498914,0.0,0.0,12.391116556748953
2025,building,5,14133,-19,-45,indeterminate_geometry_quality,21,534.6824494090639,0.0,0.0,0.0
2025,building,5,14133,-19,-45,large_shape_or_position_change,6,291.7261513688722,0.0,0.0,2.1817471790381964
2025,building,5,14133,-19,-45,matched,214,20089.478707466984,0.0,0.0,206.49597262734795
2025,building,5,14133,-19,-45,possible_merge,3,394.677565871846,0.0,0.0,1.4209962705003891
2025,building,5,14133,-19,-45,possible_split,25,1363.7392559236525,0.0,0.0,7.64911098338536
2025,building,5,14133,-18,-47,ambiguous_many_to_many,12,241.22045756798514,0.0,0.0,11.0
2025,building,5,14133,-18,-47,indeterminate_geometry_quality,51,2599.0979358861064,0.0,0.0,0.0
2025,building,5,14133,-18,-47,indeterminate_partition_boundary,5,130.77393573523182,0.0,0.0,0.0
2025,building,5,14133,-18,-47,large_shape_or_position_change,16,7072.339344779196,0.0,0.0,5.473443596417208
2025,building,5,14133,-18,-47,matched,273,49769.37398889454,0.0,0.0,265.256016589852
2025,building,5,14133,-18,-47,possible_merge,4,5185.5060462157835,0.0,0.0,1.7895103694256231
2025,building,5,14133,-18,-47,possible_split,2,80.1210682342187,0.0,0.0,1.0
2025,building,5,14133,-18,-46,ambiguous_many_to_many,134,8445.937085748134,0.0,0.0,110.13634325052277
2025,building,5,14133,-18,-46,indeterminate_geometry_quality,456,19555.608690376397,0.0,0.0,0.0
2025,building,5,14133,-18,-46,large_shape_or_position_change,78,8167.5172299460555,0.0,0.0,26.348235443003553
2025,building,5,14133,-18,-46,matched,2626,279708.33166527044,0.0,0.0,2560.5967534647143
2025,building,5,14133,-18,-46,possible_merge,41,13403.949527284101,0.0,0.0,22.082416912367357
2025,building,5,14133,-18,-46,possible_split,185,8641.706829597415,0.0,0.0,50.621094258792546
2025,building,5,14133,-18,-45,ambiguous_many_to_many,3,104.60543541434083,0.0,0.0,2.9999999999999996
2025,building,5,14133,-18,-45,indeterminate_geometry_quality,29,844.1082836032386,0.0,0.0,0.0
2025,building,5,14133,-18,-45,large_shape_or_position_change,3,117.89452835098558,0.0,0.0,0.9725813561646598
2025,building,5,14133,-18,-45,matched,62,10252.363593489661,0.0,0.0,60.23490117265943
2025,building,5,14133,-18,-45,possible_merge,3,361.5629658889114,0.0,0.0,1.4804573229432014
2025,building,5,14133,-18,-45,possible_split,33,1795.221504843125,0.0,0.0,3.351563661960772
2025,building,5,14133,-17,-47,ambiguous_many_to_many,13,3387.5712719491944,0.0,0.0,8.719020236484416
2025,building,5,14133,-17,-47,indeterminate_geometry_quality,88,3163.5677412597533,0.0,0.0,0.0
2025,building,5,14133,-17,-47,indeterminate_partition_boundary,9,893.0934099085928,0.0,0.0,0.0
2025,building,5,14133,-17,-47,large_shape_or_position_change,14,1144.901718833969,0.0,0.0,4.779624941292871
2025,building,5,14133,-17,-47,matched,460,44418.48872616268,0.0,0.0,445.166190962012
2025,building,5,14133,-17,-47,possible_merge,9,990.8081766708975,0.0,0.0,4.767022387132222
2025,building,5,14133,-17,-47,possible_split,26,1329.680891983779,0.0,0.0,9.165022916889656
2025,building,5,14133,-17,-46,ambiguous_many_to_many,22,549.7533383465859,0.0,0.0,16.51488175682517
2025,building,5,14133,-17,-46,ambiguous_survey_scale,1,3664.302609013261,0.0,0.0,0.10592272707929352
2025,building,5,14133,-17,-46,indeterminate_geometry_quality,92,7040.496078971818,0.0,0.0,0.0
2025,building,5,14133,-17,-46,large_shape_or_position_change,13,777.446663574575,0.0,0.0,4.4211202798714835
2025,building,5,14133,-17,-46,matched,543,72552.61975640172,0.0,0.0,529.9065840473914
2025,building,5,14133,-17,-46,possible_merge,2,20943.23904722582,0.0,0.0,0.6264333150971548
2025,building,5,14133,-17,-46,possible_split,38,2346.84485135208,0.0,0.0,10.346582463189469
2025,building,5,14133,-16,-47,ambiguous_many_to_many,35,2838.3446054836436,0.0,0.0,21.408997708005995
2025,building,5,14133,-16,-47,indeterminate_geometry_quality,80,2851.7094793820174,0.0,0.0,0.0
2025,building,5,14133,-16,-47,indeterminate_partition_boundary,7,117.74533525949873,0.0,0.0,0.0
2025,building,5,14133,-16,-47,large_shape_or_position_change,28,2534.243373849843,0.0,0.0,8.767484384387673
2025,building,5,14133,-16,-47,matched,549,52227.10795423018,0.0,0.0,528.7400039871467
2025,building,5,14133,-16,-47,possible_merge,13,3840.1960850917408,0.0,0.0,5.411942078928335
2025,building,5,14133,-16,-47,possible_split,50,2307.8227777783695,0.0,0.0,15.46721153813951
2025,building,5,14133,-16,-46,ambiguous_many_to_many,15,503.13632344070226,0.0,0.0,13.631330604966845
2025,building,5,14133,-16,-46,indeterminate_geometry_quality,89,3173.387934406651,0.0,0.0,0.0
2025,building,5,14133,-16,-46,large_shape_or_position_change,15,987.2650635858053,0.0,0.0,4.7949113335816085
2025,building,5,14133,-16,-46,matched,485,48389.00906780816,0.0,0.0,472.6522551168278
2025,building,5,14133,-16,-46,possible_merge,6,701.0773393075319,0.0,0.0,2.1972129180207083
2025,building,5,14133,-16,-46,possible_split,38,1424.327822834943,0.0,0.0,11.515042930581108
2025,building,5,14134,-19,-47,ambiguous_many_to_many,3,117.66581964167992,0.0,0.0,3.000000000000001
2025,building,5,14134,-19,-47,indeterminate_geometry_quality,36,2215.984340316822,0.0,0.0,0.0
2025,building,5,14134,-19,-47,indeterminate_partition_boundary,5,131.99962982182655,0.0,0.0,0.0
2025,building,5,14134,-19,-47,large_shape_or_position_change,10,548.8425039815853,0.0,0.0,3.0650307250845117
2025,building,5,14134,-19,-47,matched,292,27769.697728050527,0.0,0.0,283.14885297982056
2025,building,5,14134,-19,-47,possible_merge,2,759.7832064977608,0.0,0.0,1.1849160634205682
2025,building,5,14134,-19,-47,possible_split,19,827.6367749427085,0.0,0.0,6.233882841324746
2025,building,5,14134,-19,-46,ambiguous_many_to_many,27,819.0077172003914,0.0,0.0,22.373050590912843
2025,building,5,14134,-19,-46,indeterminate_geometry_quality,108,7187.539717399985,0.0,0.0,0.0
2025,building,5,14134,-19,-46,indeterminate_partition_boundary,3,18.488086993807123,0.0,0.0,0.0
2025,building,5,14134,-19,-46,large_shape_or_position_change,12,1709.3550902928007,0.0,0.0,2.826034468496968
2025,building,5,14134,-19,-46,matched,758,81404.89452420374,0.0,0.0,733.4283551485695
2025,building,5,14134,-19,-46,possible_merge,9,5053.134977837239,0.0,0.0,3.97361135140118
2025,building,5,14134,-19,-46,possible_split,43,1779.1863532084108,0.0,0.0,12.2677065860451
2025,building,5,14134,-19,-45,ambiguous_many_to_many,67,18893.86769499938,0.0,0.0,53.64918481898233
2025,building,5,14134,-19,-45,indeterminate_geometry_quality,428,25007.86623439519,0.0,0.0,0.0
2025,building,5,14134,-19,-45,indeterminate_partition_boundary,9,259.6425724805345,0.0,0.0,0.0
2025,building,5,14134,-19,-45,large_shape_or_position_change,61,6403.3927682616395,0.0,0.0,18.859612776400944
2025,building,5,14134,-19,-45,matched,1608,181932.40421985413,0.0,0.0,1556.835239563767
2025,building,5,14134,-19,-45,possible_merge,41,10104.828407626255,0.0,0.0,21.355010903907715
2025,building,5,14134,-19,-45,possible_split,115,6192.525333650607,0.0,0.0,32.88087340000487
2025,building,5,14134,-19,-44,ambiguous_many_to_many,23,976.1283951352508,0.0,0.0,18.101602486757738
2025,building,5,14134,-19,-44,indeterminate_geometry_quality,50,1214.1438162486993,0.0,0.0,0.0
2025,building,5,14134,-19,-44,indeterminate_partition_boundary,2,6.796826387780427,0.0,0.0,0.0
2025,building,5,14134,-19,-44,large_shape_or_position_change,11,546.9918038618457,0.0,0.0,3.7663973511615163
2025,building,5,14134,-19,-44,matched,428,45063.066327199725,0.0,0.0,414.8720874899121
2025,building,5,14134,-19,-44,possible_merge,3,232.9462278942979,0.0,0.0,1.1031268364214273
2025,building,5,14134,-19,-44,possible_split,15,517.6642055422233,0.0,0.0,4.271272519060981
2025,building,5,14134,-18,-46,ambiguous_many_to_many,4,9325.689624045808,0.0,0.0,2.087800008052116
2025,building,5,14134,-18,-46,indeterminate_geometry_quality,32,2351.893752589954,0.0,0.0,0.0
2025,building,5,14134,-18,-46,large_shape_or_position_change,5,265.67131511376834,0.0,0.0,1.732320642059269
2025,building,5,14134,-18,-46,matched,62,8432.50929002147,0.0,0.0,60.339135316578584
2025,building,5,14134,-18,-46,possible_merge,2,223.48876999101927,0.0,0.0,0.5832806509734267
2025,building,5,14134,-18,-46,possible_split,19,844.9332203735381,0.0,0.0,4.817424633890695
2025,building,5,14134,-18,-45,ambiguous_many_to_many,19,890.9497867339064,0.0,0.0,17.393055190587795
2025,building,5,14134,-18,-45,indeterminate_geometry_quality,210,25341.46623942288,0.0,0.0,0.0
2025,building,5,14134,-18,-45,large_shape_or_position_change,28,2953.307249104818,0.0,0.0,8.035990659498994
2025,building,5,14134,-18,-45,matched,580,79059.48298540991,0.0,0.0,565.8160500049333
2025,building,5,14134,-18,-45,possible_merge,10,19533.25471688338,0.0,0.0,4.51013381791268
2025,building,5,14134,-18,-45,possible_split,41,1904.6893303671723,0.0,0.0,11.470311975555664
2025,building,5,14382,-78,-86,matched,1,115.47423206177598,0.0,0.0,1.0000000000000002
2025,building,5,14382,-78,-85,matched,2,86.38101178595198,0.0,0.0,2.0
2025,building,5,14382,-78,-84,matched,17,2838.0060795963523,0.0,0.0,17.0
2025,building,5,14382,-77,-85,ambiguous_many_to_many,4,85.79908304211104,0.0,0.0,1.6548521704841912
2025,building,5,14382,-77,-85,large_shape_or_position_change,2,1296.6936968982875,0.0,0.0,0.6154966893079892
2025,building,5,14382,-77,-85,matched,78,14530.578487676545,0.0,0.0,77.70799587855684
2025,building,5,14382,-77,-85,only_in_newer_dataset,18,2693.1613426534054,0.0,0.0,0.0
2025,building,5,14382,-77,-85,possible_split,2,37.02266136319564,0.0,0.0,0.025904045500345835
2025,building,5,14382,-77,-84,ambiguous_many_to_many,4,24.410310080603185,0.0,0.0,4.0
2025,building,5,14382,-77,-84,matched,88,21442.034015636465,0.0,0.0,86.4642408674932
2025,building,5,14382,-77,-84,possible_merge,2,362.98057026537606,0.0,0.0,0.6082634870990407
2025,building,5,14382,-77,-83,matched,28,4666.302244063172,0.0,0.0,27.2837362578656
2025,building,5,14382,-77,-83,only_in_newer_dataset,1,38.462979670150084,0.0,0.0,0.0
2025,building,5,14382,-76,-86,large_shape_or_position_change,1,57.18025664886096,0.0,0.0,0.4773471735136572
2025,building,5,14382,-76,-86,matched,7,538.0173630968181,0.0,0.0,6.180425857347389
2025,building,5,14382,-76,-85,ambiguous_many_to_many,7,230.95270654951926,0.0,0.0,4.038116289519876
2025,building,5,14382,-76,-85,indeterminate_partition_boundary,1,36.53826969852828,0.0,0.0,0.0
2025,building,5,14382,-76,-85,large_shape_or_position_change,4,575.8474423969856,0.0,0.0,0.7804492103057379
2025,building,5,14382,-76,-85,matched,20,3417.7417370345133,0.0,0.0,19.37886787625136
2025,building,5,14382,-76,-85,only_in_newer_dataset,8,1110.482061788573,0.0,0.0,0.0
2025,building,5,14382,-76,-84,ambiguous_many_to_many,4,31.784519610536943,0.0,0.0,4.0
2025,building,5,14382,-76,-84,large_shape_or_position_change,2,71.33815172363104,0.0,0.0,0.3233270830155741
2025,building,5,14382,-76,-84,matched,51,11618.196424237532,0.0,0.0,50.20844536725647
2025,building,5,14382,-76,-84,only_in_newer_dataset,3,372.83616688366067,0.0,0.0,0.0
2025,building,5,14382,-76,-83,indeterminate_partition_boundary,1,5.741787230733384,0.0,0.0,0.0
2025,building,5,14382,-76,-83,matched,16,2870.4175744845265,0.0,0.0,15.999999438727997
2025,building,10,14133,-19,-47,ambiguous_many_to_many,252,15555.92030464154,0.0,0.0,228.13307713450465
2025,building,10,14133,-19,-47,indeterminate_geometry_quality,25,1059.6639569641773,0.0,0.0,0.0
2025,building,10,14133,-19,-47,indeterminate_partition_boundary,3,36.97266555746689,0.0,0.0,0.0
2025,building,10,14133,-19,-47,large_shape_or_position_change,6,656.9597283228171,0.0,0.0,2.1713620510110365
2025,building,10,14133,-19,-47,matched,159,19291.577082919554,0.0,0.0,153.32854167717542
2025,building,10,14133,-19,-47,possible_merge,6,931.3239645046273,0.0,0.0,4.515503728960994
2025,building,10,14133,-19,-47,possible_split,12,899.4203769639062,0.0,0.0,3.175869898095318
2025,building,10,14133,-19,-46,ambiguous_many_to_many,892,55233.4254203016,0.0,0.0,799.2195242327075
2025,building,10,14133,-19,-46,indeterminate_geometry_quality,196,11219.363385280772,0.0,0.0,0.0
2025,building,10,14133,-19,-46,large_shape_or_position_change,23,3913.802063084913,0.0,0.0,6.9352664380877
2025,building,10,14133,-19,-46,matched,803,151206.501181772,0.0,0.0,783.3344902051051
2025,building,10,14133,-19,-46,possible_merge,25,6630.296488930851,0.0,0.0,15.786704335311287
2025,building,10,14133,-19,-46,possible_split,50,3396.1199800871914,0.0,0.0,19.665075390972785
2025,building,10,14133,-19,-45,ambiguous_many_to_many,127,6320.100041545885,0.0,0.0,103.26444742810347
2025,building,10,14133,-19,-45,indeterminate_geometry_quality,15,355.36675380617936,0.0,0.0,0.0
2025,building,10,14133,-19,-45,large_shape_or_position_change,3,184.31995791290416,0.0,0.0,1.172034191132903
2025,building,10,14133,-19,-45,matched,126,15253.52649626347,0.0,0.0,121.63589342992415
2025,building,10,14133,-19,-45,possible_merge,1,87.36291431131437,0.0,0.0,0.6248599619441902
2025,building,10,14133,-19,-45,possible_split,10,818.3504073356537,0.0,0.0,3.488308492291851
2025,building,10,14133,-18,-47,ambiguous_many_to_many,122,6212.017247015562,0.0,0.0,108.10733352934808
2025,building,10,14133,-18,-47,indeterminate_geometry_quality,44,2352.4254554425593,0.0,0.0,0.0
2025,building,10,14133,-18,-47,indeterminate_partition_boundary,6,159.86308698602892,0.0,0.0,0.0
2025,building,10,14133,-18,-47,large_shape_or_position_change,11,6819.910529830371,0.0,0.0,3.206722844007546
2025,building,10,14133,-18,-47,matched,173,44358.34703731242,0.0,0.0,169.32127660996633
2025,building,10,14133,-18,-47,possible_merge,3,5090.609057114837,0.0,0.0,2.011438982194287
2025,building,10,14133,-18,-47,possible_split,4,85.26036361128332,0.0,0.0,2.0
2025,building,10,14133,-18,-46,ambiguous_many_to_many,1525,83719.66986979703,0.0,0.0,1339.9074422565166
2025,building,10,14133,-18,-46,indeterminate_geometry_quality,382,16772.81155640977,0.0,0.0,0.0
2025,building,10,14133,-18,-46,large_shape_or_position_change,53,6755.049815102517,0.0,0.0,16.739821550442908
2025,building,10,14133,-18,-46,matched,1368,211373.42016091917,0.0,0.0,1338.7119458298046
2025,building,10,14133,-18,-46,possible_merge,44,12259.433177073273,0.0,0.0,29.785130857475597
2025,building,10,14133,-18,-46,possible_split,148,7042.666448920823,0.0,0.0,45.69467843099672
2025,building,10,14133,-18,-45,ambiguous_many_to_many,44,1800.4241923285733,0.0,0.0,32.62755979492218
2025,building,10,14133,-18,-45,indeterminate_geometry_quality,26,760.3619558894791,0.0,0.0,0.0
2025,building,10,14133,-18,-45,large_shape_or_position_change,1,10.535169560993115,0.0,0.0,0.0
2025,building,10,14133,-18,-45,matched,34,9020.953778419096,0.0,0.0,33.17068162188442
2025,building,10,14133,-18,-45,possible_merge,4,410.0248895476011,0.0,0.0,1.0498550689474366
2025,building,10,14133,-18,-45,possible_split,24,1473.4563258445203,0.0,0.0,2.343568754182206
2025,building,10,14133,-17,-47,ambiguous_many_to_many,240,16174.587629714553,0.0,0.0,204.85833378785142
2025,building,10,14133,-17,-47,indeterminate_geometry_quality,70,2552.245677066664,0.0,0.0,0.0
2025,building,10,14133,-17,-47,indeterminate_partition_boundary,10,891.0894562961971,0.0,0.0,0.0
2025,building,10,14133,-17,-47,large_shape_or_position_change,10,717.3742988755622,0.0,0.0,2.2414241358318447
2025,building,10,14133,-17,-47,matched,261,33076.614991436116,0.0,0.0,253.45838854208534
2025,building,10,14133,-17,-47,possible_merge,8,778.7083231447925,0.0,0.0,4.865336103375846
2025,building,10,14133,-17,-47,possible_split,20,1137.4915602349788,0.0,0.0,7.75430984154912
2025,building,10,14133,-17,-46,ambiguous_many_to_many,311,15661.049628247934,0.0,0.0,270.303654835692
2025,building,10,14133,-17,-46,ambiguous_survey_scale,1,3664.302609013261,0.0,0.0,0.10592272707929352
2025,building,10,14133,-17,-46,indeterminate_geometry_quality,81,6658.621936620872,0.0,0.0,0.0
2025,building,10,14133,-17,-46,large_shape_or_position_change,7,541.4778171832974,0.0,0.0,1.9751412284783456
2025,building,10,14133,-17,-46,matched,290,58748.6470035571,0.0,0.0,283.22476773112186
2025,building,10,14133,-17,-46,possible_merge,2,20943.23904722582,0.0,0.0,0.6264333150971548
2025,building,10,14133,-17,-46,possible_split,19,1657.3643030375779,0.0,0.0,5.851546455750895
2025,building,10,14133,-16,-47,ambiguous_many_to_many,377,23382.02512580058,0.0,0.0,305.1673978703958
2025,building,10,14133,-16,-47,indeterminate_geometry_quality,64,2209.858388374624,0.0,0.0,0.0
2025,building,10,14133,-16,-47,indeterminate_partition_boundary,5,54.95117418232038,0.0,0.0,0.0
2025,building,10,14133,-16,-47,large_shape_or_position_change,12,1766.2855432061685,0.0,0.0,4.0943782073911885
2025,building,10,14133,-16,-47,matched,261,34952.65665096088,0.0,0.0,251.60047849817718
2025,building,10,14133,-16,-47,possible_merge,10,2755.1134595719786,0.0,0.0,6.53023269245668
2025,building,10,14133,-16,-47,possible_split,33,1596.279268978736,0.0,0.0,12.808644116327873
2025,building,10,14133,-16,-46,ambiguous_many_to_many,288,16435.320977548792,0.0,0.0,244.35040958445214
2025,building,10,14133,-16,-46,indeterminate_geometry_quality,76,2649.237998876807,0.0,0.0,0.0
2025,building,10,14133,-16,-46,large_shape_or_position_change,9,419.93996424029734,0.0,0.0,2.414055517878147
2025,building,10,14133,-16,-46,matched,256,34826.84599376273,0.0,0.0,251.10264708742585
2025,building,10,14133,-16,-46,possible_merge,4,313.20458749746246,0.0,0.0,2.342560961866493
2025,building,10,14133,-16,-46,possible_split,15,533.6540294577082,0.0,0.0,4.8353611739415845
2025,building,10,14134,-19,-47,ambiguous_many_to_many,140,7798.524680162766,0.0,0.0,122.8253803538925
2025,building,10,14134,-19,-47,indeterminate_geometry_quality,24,1561.3702469259629,0.0,0.0,0.0
2025,building,10,14134,-19,-47,indeterminate_partition_boundary,9,297.543682232333,0.0,0.0,0.0
2025,building,10,14134,-19,-47,large_shape_or_position_change,5,271.24187571375734,0.0,0.0,1.7536954354469532
2025,building,10,14134,-19,-47,matched,170,20826.687110213363,0.0,0.0,164.42380719244375
2025,building,10,14134,-19,-47,possible_merge,4,873.086677825866,0.0,0.0,3.184916063420568
2025,building,10,14134,-19,-47,possible_split,15,743.1557301788641,0.0,0.0,4.7515422095222
2025,building,10,14134,-19,-46,ambiguous_many_to_many,468,23606.503188534432,0.0,0.0,414.37786750107097
2025,building,10,14134,-19,-46,indeterminate_geometry_quality,77,5840.165929144467,0.0,0.0,0.0
2025,building,10,14134,-19,-46,indeterminate_partition_boundary,4,78.96748091391567,0.0,0.0,0.0
2025,building,10,14134,-19,-46,large_shape_or_position_change,6,1555.7639767835678,0.0,0.0,1.1247771997187699
2025,building,10,14134,-19,-46,matched,350,59851.550059339286,0.0,0.0,339.886557329761
2025,building,10,14134,-19,-46,possible_merge,12,5085.846985892945,0.0,0.0,6.91563283888435
2025,building,10,14134,-19,-46,possible_split,43,1952.8088465277626,0.0,0.0,12.96427187367645
2025,building,10,14134,-19,-45,ambiguous_many_to_many,937,65002.27371798234,0.0,0.0,818.4479364382175
2025,building,10,14134,-19,-45,indeterminate_geometry_quality,366,22229.734493547006,0.0,0.0,0.0
2025,building,10,14134,-19,-45,indeterminate_partition_boundary,9,259.6425724805345,0.0,0.0,0.0
2025,building,10,14134,-19,-45,large_shape_or_position_change,50,5758.793545042588,0.0,0.0,12.810210543798894
2025,building,10,14134,-19,-45,matched,821,140077.6712955317,0.0,0.0,791.8908170931524
2025,building,10,14134,-19,-45,possible_merge,39,9470.279912104214,0.0,0.0,23.191894836378143
2025,building,10,14134,-19,-45,possible_split,107,5996.131694579329,0.0,0.0,38.70186034178168
2025,building,10,14134,-19,-44,ambiguous_many_to_many,260,13589.69237352386,0.0,0.0,228.8047616213491
2025,building,10,14134,-19,-44,indeterminate_geometry_quality,41,910.7979772814699,0.0,0.0,0.0
2025,building,10,14134,-19,-44,indeterminate_partition_boundary,2,6.796826387780427,0.0,0.0,0.0
2025,building,10,14134,-19,-44,large_shape_or_position_change,4,240.20156783129806,0.0,0.0,1.1843611960795764
2025,building,10,14134,-19,-44,matched,214,33356.57577809666,0.0,0.0,209.01740727687988
2025,building,10,14134,-19,-44,possible_merge,1,37.9061337043738,0.0,0.0,0.23360534141653946
2025,building,10,14134,-19,-44,possible_split,10,415.7669454443828,0.0,0.0,3.203833151646087
2025,building,10,14134,-18,-46,ambiguous_many_to_many,70,13305.67600056854,0.0,0.0,45.171194137797364
2025,building,10,14134,-18,-46,indeterminate_geometry_quality,23,1817.1996549932032,0.0,0.0,0.0
2025,building,10,14134,-18,-46,large_shape_or_position_change,3,174.3434308633057,0.0,0.0,0.7723714995253139
2025,building,10,14134,-18,-46,matched,23,5909.735537862929,0.0,0.0,21.599842845324936
2025,building,10,14134,-18,-46,possible_merge,1,168.40463810479613,0.0,0.0,0.45677970517612815
2025,building,10,14134,-18,-46,possible_split,4,68.82670974278462,0.0,0.0,1.5639129178358067
2025,building,10,14134,-18,-45,ambiguous_many_to_many,325,18863.061105537698,0.0,0.0,281.7588466586244
2025,building,10,14134,-18,-45,indeterminate_geometry_quality,177,23560.665019291926,0.0,0.0,0.0
2025,building,10,14134,-18,-45,large_shape_or_position_change,20,2289.5762309928054,0.0,0.0,4.701676016172002
2025,building,10,14134,-18,-45,matched,306,63280.908916413544,0.0,0.0,299.57460242269497
2025,building,10,14134,-18,-45,possible_merge,9,19135.4522403123,0.0,0.0,5.6564225876555625
2025,building,10,14134,-18,-45,possible_split,51,2553.4867953738,0.0,0.0,16.236950090767873
2025,building,10,14382,-78,-86,matched,1,115.47423206177598,0.0,0.0,1.0000000000000002
2025,building,10,14382,-78,-85,matched,2,86.38101178595198,0.0,0.0,2.0
2025,building,10,14382,-78,-84,matched,17,2838.0060795963523,0.0,0.0,17.0
2025,building,10,14382,-77,-85,ambiguous_many_to_many,10,315.9162226522528,0.0,0.0,7.654852170484191
2025,building,10,14382,-77,-85,large_shape_or_position_change,2,1296.6936968982875,0.0,0.0,0.6154966893079892
2025,building,10,14382,-77,-85,matched,72,14300.461348066403,0.0,0.0,71.70799587855684
2025,building,10,14382,-77,-85,only_in_newer_dataset,18,2693.1613426534054,0.0,0.0,0.0
2025,building,10,14382,-77,-85,possible_split,2,37.02266136319564,0.0,0.0,0.025904045500345835
2025,building,10,14382,-77,-84,ambiguous_many_to_many,11,216.22017949267737,0.0,0.0,10.999999999999998
2025,building,10,14382,-77,-84,matched,80,21237.952268419645,0.0,0.0,78.46424086749322
2025,building,10,14382,-77,-84,possible_merge,3,375.25244807012297,0.0,0.0,1.6082634870990404
2025,building,10,14382,-77,-83,matched,28,4666.302244063172,0.0,0.0,27.2837362578656
2025,building,10,14382,-77,-83,only_in_newer_dataset,1,38.462979670150084,0.0,0.0,0.0
2025,building,10,14382,-76,-86,large_shape_or_position_change,1,57.18025664886096,0.0,0.0,0.4773471735136572
2025,building,10,14382,-76,-86,matched,7,538.0173630968181,0.0,0.0,6.180425857347389
2025,building,10,14382,-76,-85,ambiguous_many_to_many,7,230.95270654951926,0.0,0.0,4.038116289519876
2025,building,10,14382,-76,-85,indeterminate_partition_boundary,1,36.53826969852828,0.0,0.0,0.0
2025,building,10,14382,-76,-85,large_shape_or_position_change,3,571.855953430568,0.0,0.0,0.7606934924287487
2025,building,10,14382,-76,-85,matched,20,3417.7417370345133,0.0,0.0,19.37886787625136
2025,building,10,14382,-76,-85,only_in_newer_dataset,7,821.3599558554613,0.0,0.0,0.0
2025,building,10,14382,-76,-85,possible_split,2,293.11359489952935,0.0,0.0,0.1994877325240794
2025,building,10,14382,-76,-84,ambiguous_many_to_many,4,31.784519610536943,0.0,0.0,4.0
2025,building,10,14382,-76,-84,large_shape_or_position_change,2,71.33815172363104,0.0,0.0,0.3233270830155741
2025,building,10,14382,-76,-84,matched,50,11519.559247553741,0.0,0.0,49.20844536725647
2025,building,10,14382,-76,-84,only_in_newer_dataset,3,372.83616688366067,0.0,0.0,0.0
2025,building,10,14382,-76,-84,possible_merge,1,98.63717668378972,0.0,0.0,1.0000000000000002
2025,building,10,14382,-76,-83,indeterminate_partition_boundary,1,5.741787230733384,0.0,0.0,0.0
2025,building,10,14382,-76,-83,matched,16,2870.4175744845265,0.0,0.0,15.999999438727997
2025,road_edge,1,14133,-19,-47,edge_geometry_disagreement,3,0.0,78.18065538458129,76.17694200680643,0.0
2025,road_edge,1,14133,-19,-47,indeterminate_partition_boundary,18,0.0,1981.7059095417771,0.1934480150486963,0.0
2025,road_edge,1,14133,-19,-47,spatially_agreeing,34,0.0,5118.96811049055,0.0,0.0
2025,road_edge,1,14133,-19,-46,edge_geometry_disagreement,67,0.0,2934.718115658804,2532.5772894467805,0.0
2025,road_edge,1,14133,-19,-46,spatially_agreeing,175,0.0,32335.240261442897,1.6491358448989137,0.0
2025,road_edge,1,14133,-19,-45,edge_geometry_disagreement,10,0.0,360.62802897958846,348.7620869751023,0.0
2025,road_edge,1,14133,-19,-45,spatially_agreeing,23,0.0,5506.5165479982825,0.0,0.0
2025,road_edge,1,14133,-18,-47,edge_geometry_disagreement,39,0.0,1975.8778597174505,1880.0647318890162,0.0
2025,road_edge,1,14133,-18,-47,indeterminate_partition_boundary,28,0.0,3202.56623228878,766.805614065441,0.0
2025,road_edge,1,14133,-18,-47,spatially_agreeing,21,0.0,5000.223431742675,0.8682867377178622,0.0
2025,road_edge,1,14133,-18,-46,edge_geometry_disagreement,172,0.0,8867.986052898832,7524.606879780869,0.0
2025,road_edge,1,14133,-18,-46,spatially_agreeing,266,0.0,46948.302201048034,31.757826777342245,0.0
2025,road_edge,1,14133,-18,-45,edge_geometry_disagreement,16,0.0,2031.8283698533064,1943.1329105561413,0.0
2025,road_edge,1,14133,-18,-45,spatially_agreeing,22,0.0,2968.9361868238475,3.365834286065692,0.0
2025,road_edge,1,14133,-17,-47,edge_geometry_disagreement,72,0.0,4616.419766155836,3932.2604178491906,0.0
2025,road_edge,1,14133,-17,-47,indeterminate_partition_boundary,20,0.0,2847.31302564324,117.08120312483273,0.0
2025,road_edge,1,14133,-17,-47,spatially_agreeing,37,0.0,4870.602224137344,4.666405422337251,0.0
2025,road_edge,1,14133,-17,-46,edge_geometry_disagreement,236,0.0,19515.558367357455,19181.428614858945,0.0
2025,road_edge,1,14133,-17,-46,spatially_agreeing,120,0.0,16176.691497769234,1.0032917350312691,0.0
2025,road_edge,1,14133,-17,-45,edge_geometry_disagreement,1,0.0,228.18051425374452,228.18051425374452,0.0
2025,road_edge,1,14133,-16,-47,edge_geometry_disagreement,60,0.0,2472.441195938668,2342.9301428020694,0.0
2025,road_edge,1,14133,-16,-47,indeterminate_partition_boundary,23,0.0,2029.5745475106996,293.8095288268495,0.0
2025,road_edge,1,14133,-16,-47,spatially_agreeing,75,0.0,8380.672828916888,0.0,0.0
2025,road_edge,1,14133,-16,-46,edge_geometry_disagreement,125,0.0,8599.277006016517,8067.056762036582,0.0
2025,road_edge,1,14133,-16,-46,spatially_agreeing,85,0.0,8985.117562240835,0.0,0.0
2025,road_edge,1,14133,-15,-47,edge_geometry_disagreement,9,0.0,458.3090008393596,453.38638631274205,0.0
2025,road_edge,1,14133,-15,-47,indeterminate_partition_boundary,2,0.0,294.4202872617904,293.51769746950544,0.0
2025,road_edge,1,14133,-15,-47,spatially_agreeing,6,0.0,670.8519327767715,0.0,0.0
2025,road_edge,1,14134,-19,-47,edge_geometry_disagreement,1,0.0,84.00029058843464,80.91452878960568,0.0
2025,road_edge,1,14134,-19,-47,indeterminate_partition_boundary,16,0.0,1881.4379993730943,66.44771595573698,0.0
2025,road_edge,1,14134,-19,-47,spatially_agreeing,18,0.0,3329.7735007216156,0.0,0.0
2025,road_edge,1,14134,-19,-46,edge_geometry_disagreement,10,0.0,508.08618551076756,428.1992497579035,0.0
2025,road_edge,1,14134,-19,-46,indeterminate_partition_boundary,33,0.0,4804.894547755561,43.14250562890578,0.0
2025,road_edge,1,14134,-19,-46,spatially_agreeing,81,0.0,13621.84360261081,19.532856182474216,0.0
2025,road_edge,1,14134,-19,-45,edge_geometry_disagreement,129,0.0,7791.466775308955,6124.002770597938,0.0
2025,road_edge,1,14134,-19,-45,indeterminate_partition_boundary,24,0.0,3179.68611183071,52.46208725289141,0.0
2025,road_edge,1,14134,-19,-45,spatially_agreeing,241,0.0,35371.62793117272,22.398570597207893,0.0
2025,road_edge,1,14134,-19,-44,edge_geometry_disagreement,39,0.0,2407.011196804997,2301.267707908778,0.0
2025,road_edge,1,14134,-19,-44,indeterminate_partition_boundary,25,0.0,5409.735526976879,2122.2363404040825,0.0
2025,road_edge,1,14134,-19,-44,spatially_agreeing,47,0.0,7419.947165320084,1.11098418641815,0.0
2025,road_edge,1,14134,-18,-46,edge_geometry_disagreement,12,0.0,959.1258426691452,946.5841637832127,0.0
2025,road_edge,1,14134,-18,-46,spatially_agreeing,9,0.0,2219.0741479947974,0.0,0.0
2025,road_edge,1,14134,-18,-45,edge_geometry_disagreement,88,0.0,7927.279733549604,7784.34604547181,0.0
2025,road_edge,1,14134,-18,-45,spatially_agreeing,86,0.0,15098.120382513827,2.11949058319161,0.0
2025,road_edge,1,14382,-79,-84,indeterminate_partition_boundary,1,0.0,328.70230722330405,0.0,0.0
2025,road_edge,1,14382,-79,-84,spatially_agreeing,5,0.0,365.5441753554172,0.0,0.0
2025,road_edge,1,14382,-78,-87,edge_geometry_disagreement,2,0.0,646.8118835690465,429.4025830465971,0.0
2025,road_edge,1,14382,-78,-86,edge_geometry_disagreement,3,0.0,327.95052523066505,255.11304039412818,0.0
2025,road_edge,1,14382,-78,-86,spatially_agreeing,22,0.0,2254.6751830533112,0.0,0.0
2025,road_edge,1,14382,-78,-85,edge_geometry_disagreement,15,0.0,1606.1995757934365,1019.2135090413541,0.0
2025,road_edge,1,14382,-78,-85,spatially_agreeing,43,0.0,6476.042435940749,2.515853759586958,0.0
2025,road_edge,1,14382,-78,-84,edge_geometry_disagreement,12,0.0,639.2719792172481,285.0869947307589,0.0
2025,road_edge,1,14382,-78,-84,spatially_agreeing,88,0.0,13112.975778505419,9.813923388651668,0.0
2025,road_edge,1,14382,-78,-83,indeterminate_partition_boundary,4,0.0,870.1120838341747,0.0,0.0
2025,road_edge,1,14382,-78,-83,spatially_agreeing,2,0.0,371.81834434758343,0.0,0.0
2025,road_edge,1,14382,-77,-90,edge_geometry_disagreement,1,0.0,47.40988324165893,12.952867968624345,0.0
2025,road_edge,1,14382,-77,-90,spatially_agreeing,1,0.0,53.31287467536767,0.0,0.0
2025,road_edge,1,14382,-77,-89,indeterminate_partition_boundary,1,0.0,1277.4050564564084,875.2223318741453,0.0
2025,road_edge,1,14382,-77,-88,edge_geometry_disagreement,1,0.0,1133.9902993969415,589.0362227243343,0.0
2025,road_edge,1,14382,-77,-88,spatially_agreeing,2,0.0,2074.3327310643494,0.0,0.0
2025,road_edge,1,14382,-77,-87,spatially_agreeing,2,0.0,886.0933012955068,0.0,0.0
2025,road_edge,1,14382,-77,-86,spatially_agreeing,5,0.0,3162.5950225575266,0.0,0.0
2025,road_edge,1,14382,-77,-85,edge_geometry_disagreement,73,0.0,5923.939494202754,3566.239701948744,0.0
2025,road_edge,1,14382,-77,-85,spatially_agreeing,113,0.0,8315.863674393331,16.729837027651406,0.0
2025,road_edge,1,14382,-77,-84,edge_geometry_disagreement,68,0.0,3988.810902856539,1489.5187917804737,0.0
2025,road_edge,1,14382,-77,-84,indeterminate_partition_boundary,3,0.0,1446.2759472747257,0.0,0.0
2025,road_edge,1,14382,-77,-84,spatially_agreeing,260,0.0,29521.725187521,36.92949072343951,0.0
2025,road_edge,1,14382,-77,-83,edge_geometry_disagreement,5,0.0,110.08017835573058,86.73996932521497,0.0
2025,road_edge,1,14382,-77,-83,indeterminate_partition_boundary,21,0.0,1683.2672055580213,79.35076450489063,0.0
2025,road_edge,1,14382,-77,-83,spatially_agreeing,16,0.0,563.9553905326528,0.0,0.0
2025,road_edge,1,14382,-76,-90,edge_geometry_disagreement,2,0.0,222.32294983438325,72.09829310037587,0.0
2025,road_edge,1,14382,-76,-90,spatially_agreeing,2,0.0,231.14042118727212,4.13093985678815,0.0
2025,road_edge,1,14382,-76,-89,indeterminate_partition_boundary,2,0.0,556.810853296215,1.5999351103007629,0.0
2025,road_edge,1,14382,-76,-86,edge_geometry_disagreement,6,0.0,259.63661932034495,233.41594716817988,0.0
2025,road_edge,1,14382,-76,-86,indeterminate_partition_boundary,19,0.0,2168.338478948175,382.8901860216712,0.0
2025,road_edge,1,14382,-76,-86,spatially_agreeing,34,0.0,1555.3971260013027,0.4094748945444501,0.0
2025,road_edge,1,14382,-76,-85,edge_geometry_disagreement,12,0.0,646.4667477389225,487.4320992519947,0.0
2025,road_edge,1,14382,-76,-85,indeterminate_partition_boundary,10,0.0,1031.649820912316,194.30852215178774,0.0
2025,road_edge,1,14382,-76,-85,spatially_agreeing,19,0.0,1714.1330253078684,0.5696769513026694,0.0
2025,road_edge,1,14382,-76,-84,edge_geometry_disagreement,3,0.0,133.4625534580375,108.9541324204023,0.0
2025,road_edge,1,14382,-76,-84,indeterminate_partition_boundary,15,0.0,1997.881739918265,0.0,0.0
2025,road_edge,1,14382,-76,-84,spatially_agreeing,29,0.0,3087.021162708677,2.139956729835429,0.0
2025,road_edge,1,14382,-76,-83,indeterminate_partition_boundary,5,0.0,547.2912714524953,24.56959955246017,0.0
2025,road_edge,5,14133,-19,-47,edge_geometry_disagreement,3,0.0,78.18065538458129,68.15430595162971,0.0
2025,road_edge,5,14133,-19,-47,indeterminate_partition_boundary,18,0.0,1981.7059095417771,0.0,0.0
2025,road_edge,5,14133,-19,-47,spatially_agreeing,34,0.0,5118.96811049055,0.0,0.0
2025,road_edge,5,14133,-19,-46,edge_geometry_disagreement,36,0.0,1772.5050365933187,1368.3514467478064,0.0
2025,road_edge,5,14133,-19,-46,spatially_agreeing,206,0.0,33497.453340508386,1.3348925540605274,0.0
2025,road_edge,5,14133,-19,-45,edge_geometry_disagreement,6,0.0,275.8589154635087,219.44456093546913,0.0
2025,road_edge,5,14133,-19,-45,spatially_agreeing,27,0.0,5591.285661514363,0.0,0.0
2025,road_edge,5,14133,-18,-47,edge_geometry_disagreement,29,0.0,1808.3379697984321,1676.3048806562535,0.0
2025,road_edge,5,14133,-18,-47,indeterminate_partition_boundary,28,0.0,3202.56623228878,731.2534290491989,0.0
2025,road_edge,5,14133,-18,-47,spatially_agreeing,31,0.0,5167.763321661693,0.0,0.0
2025,road_edge,5,14133,-18,-46,edge_geometry_disagreement,116,0.0,6848.37128746481,5498.212386169165,0.0
2025,road_edge,5,14133,-18,-46,spatially_agreeing,322,0.0,48967.91696648206,39.55069943383229,0.0
2025,road_edge,5,14133,-18,-45,edge_geometry_disagreement,11,0.0,1769.3979357473154,1742.5877099609538,0.0
2025,road_edge,5,14133,-18,-45,spatially_agreeing,27,0.0,3231.3666209298385,0.0,0.0
2025,road_edge,5,14133,-17,-47,edge_geometry_disagreement,57,0.0,3970.4603909266725,3024.127363309463,0.0
2025,road_edge,5,14133,-17,-47,indeterminate_partition_boundary,20,0.0,2847.31302564324,47.81066019798666,0.0
2025,road_edge,5,14133,-17,-47,spatially_agreeing,52,0.0,5516.561599366508,6.278159346228989,0.0
2025,road_edge,5,14133,-17,-46,edge_geometry_disagreement,209,0.0,18068.569504278945,16639.70710045079,0.0
2025,road_edge,5,14133,-17,-46,spatially_agreeing,147,0.0,17623.680360847742,5.869875228590994,0.0
2025,road_edge,5,14133,-17,-45,edge_geometry_disagreement,1,0.0,228.18051425374452,228.18051425374452,0.0
2025,road_edge,5,14133,-16,-47,edge_geometry_disagreement,50,0.0,2069.181551037123,1819.4586135520005,0.0
2025,road_edge,5,14133,-16,-47,indeterminate_partition_boundary,31,0.0,2744.7150428257587,248.95243608124278,0.0
2025,road_edge,5,14133,-16,-47,spatially_agreeing,77,0.0,8068.791978503374,3.5359222055153468,0.0
2025,road_edge,5,14133,-16,-46,edge_geometry_disagreement,87,0.0,6965.240313708426,6315.28926566672,0.0
2025,road_edge,5,14133,-16,-46,spatially_agreeing,123,0.0,10619.154254548926,0.0,0.0
2025,road_edge,5,14133,-15,-47,edge_geometry_disagreement,9,0.0,458.3090008393596,433.32942393486513,0.0
2025,road_edge,5,14133,-15,-47,indeterminate_partition_boundary,2,0.0,294.4202872617904,289.51645096462283,0.0
2025,road_edge,5,14133,-15,-47,spatially_agreeing,6,0.0,670.8519327767715,0.0,0.0
2025,road_edge,5,14134,-19,-47,edge_geometry_disagreement,1,0.0,84.00029058843464,71.77962843846387,0.0
2025,road_edge,5,14134,-19,-47,indeterminate_partition_boundary,16,0.0,1881.4379993730943,57.402186162682625,0.0
2025,road_edge,5,14134,-19,-47,spatially_agreeing,18,0.0,3329.7735007216156,0.0,0.0
2025,road_edge,5,14134,-19,-46,edge_geometry_disagreement,6,0.0,217.15492146369377,184.90688536768474,0.0
2025,road_edge,5,14134,-19,-46,indeterminate_partition_boundary,34,0.0,4845.298620784275,20.08842380386897,0.0
2025,road_edge,5,14134,-19,-46,spatially_agreeing,84,0.0,13872.370793629168,0.0,0.0
2025,road_edge,5,14134,-19,-45,edge_geometry_disagreement,77,0.0,5457.248122483984,4620.481986475189,0.0
2025,road_edge,5,14134,-19,-45,indeterminate_partition_boundary,25,0.0,3447.99686802518,17.135916100284238,0.0
2025,road_edge,5,14134,-19,-45,spatially_agreeing,292,0.0,37437.53582780322,2.7117885281141367,0.0
2025,road_edge,5,14134,-19,-44,edge_geometry_disagreement,21,0.0,1983.0750568334513,1889.5923557696754,0.0
2025,road_edge,5,14134,-19,-44,indeterminate_partition_boundary,26,0.0,5529.937454903166,2228.497827647954,0.0
2025,road_edge,5,14134,-19,-44,spatially_agreeing,64,0.0,7723.681377365343,0.0,0.0
2025,road_edge,5,14134,-18,-46,edge_geometry_disagreement,10,0.0,867.5785758848078,740.2808383124642,0.0
2025,road_edge,5,14134,-18,-46,spatially_agreeing,11,0.0,2310.6214147791347,0.0,0.0
2025,road_edge,5,14134,-18,-45,edge_geometry_disagreement,76,0.0,7636.337485899051,7098.502295142634,0.0
2025,road_edge,5,14134,-18,-45,spatially_agreeing,98,0.0,15389.06263016438,0.0,0.0
2025,road_edge,5,14382,-79,-84,indeterminate_partition_boundary,1,0.0,328.70230722330405,0.0,0.0
2025,road_edge,5,14382,-79,-84,spatially_agreeing,5,0.0,365.5441753554172,0.0,0.0
2025,road_edge,5,14382,-78,-87,edge_geometry_disagreement,1,0.0,607.1249730349033,68.122204282943,0.0
2025,road_edge,5,14382,-78,-87,spatially_agreeing,1,0.0,39.686910534143216,0.0,0.0
2025,road_edge,5,14382,-78,-86,edge_geometry_disagreement,2,0.0,100.207375350751,87.8291724569749,0.0
2025,road_edge,5,14382,-78,-86,spatially_agreeing,23,0.0,2482.418332933225,16.413435514793512,0.0
2025,road_edge,5,14382,-78,-85,edge_geometry_disagreement,3,0.0,775.5951786593006,228.16835033812063,0.0
2025,road_edge,5,14382,-78,-85,spatially_agreeing,55,0.0,7306.646833074884,4.9760368303691855,0.0
2025,road_edge,5,14382,-78,-84,indeterminate_partition_boundary,1,0.0,623.3607177321835,0.0,0.0
2025,road_edge,5,14382,-78,-84,spatially_agreeing,99,0.0,13128.887039990483,15.317055891278715,0.0
2025,road_edge,5,14382,-78,-83,indeterminate_partition_boundary,4,0.0,870.1120838341747,0.0,0.0
2025,road_edge,5,14382,-78,-83,spatially_agreeing,2,0.0,371.81834434758343,0.0,0.0
2025,road_edge,5,14382,-77,-90,spatially_agreeing,2,0.0,100.7227579170266,0.0,0.0
2025,road_edge,5,14382,-77,-89,indeterminate_partition_boundary,1,0.0,1277.4050564564084,136.14561165324238,0.0
2025,road_edge,5,14382,-77,-88,spatially_agreeing,3,0.0,3208.3230304612907,84.33032364719243,0.0
2025,road_edge,5,14382,-77,-87,spatially_agreeing,2,0.0,886.0933012955068,0.0,0.0
2025,road_edge,5,14382,-77,-86,indeterminate_partition_boundary,1,0.0,892.9918088812489,0.0,0.0
2025,road_edge,5,14382,-77,-86,spatially_agreeing,4,0.0,2269.603213676278,0.0,0.0
2025,road_edge,5,14382,-77,-85,edge_geometry_disagreement,40,0.0,4155.927055277004,1628.3383774545593,0.0
2025,road_edge,5,14382,-77,-85,spatially_agreeing,146,0.0,10083.876113319082,29.066298830788064,0.0
2025,road_edge,5,14382,-77,-84,edge_geometry_disagreement,9,0.0,567.7870932889989,151.6982848467385,0.0
2025,road_edge,5,14382,-77,-84,indeterminate_partition_boundary,3,0.0,1446.2759472747257,0.0,0.0
2025,road_edge,5,14382,-77,-84,spatially_agreeing,319,0.0,32942.748997088536,33.1871905350156,0.0
2025,road_edge,5,14382,-77,-83,edge_geometry_disagreement,1,0.0,77.52340161423764,66.70040049535655,0.0
2025,road_edge,5,14382,-77,-83,indeterminate_partition_boundary,21,0.0,1683.2672055580213,72.97127130548809,0.0
2025,road_edge,5,14382,-77,-83,spatially_agreeing,20,0.0,596.5121672741458,0.4162658851055926,0.0
2025,road_edge,5,14382,-76,-90,spatially_agreeing,4,0.0,453.46337102165535,9.523914146552197,0.0
2025,road_edge,5,14382,-76,-89,indeterminate_partition_boundary,2,0.0,556.810853296215,0.0,0.0
2025,road_edge,5,14382,-76,-86,edge_geometry_disagreement,2,0.0,71.28162602805772,43.71509637975785,0.0
2025,road_edge,5,14382,-76,-86,indeterminate_partition_boundary,24,0.0,2327.947926504846,312.7653790469959,0.0
2025,road_edge,5,14382,-76,-86,spatially_agreeing,33,0.0,1584.1426717369195,0.0,0.0
2025,road_edge,5,14382,-76,-85,edge_geometry_disagreement,4,0.0,364.13138482802344,218.81273890912894,0.0
2025,road_edge,5,14382,-76,-85,indeterminate_partition_boundary,10,0.0,1031.649820912316,23.188367622022874,0.0
2025,road_edge,5,14382,-76,-85,spatially_agreeing,27,0.0,1996.4683882187676,10.842713828194992,0.0
2025,road_edge,5,14382,-76,-84,edge_geometry_disagreement,1,0.0,26.7656848835602,5.771855561259004,0.0
2025,road_edge,5,14382,-76,-84,indeterminate_partition_boundary,17,0.0,2186.4900348537576,0.0,0.0
2025,road_edge,5,14382,-76,-84,spatially_agreeing,29,0.0,3005.1097363476615,1.644122371361629,0.0
2025,road_edge,5,14382,-76,-83,indeterminate_partition_boundary,5,0.0,547.2912714524953,0.0,0.0
2025,road_edge,10,14133,-19,-47,edge_geometry_disagreement,3,0.0,78.18065538458129,43.04560555706456,0.0
2025,road_edge,10,14133,-19,-47,indeterminate_partition_boundary,18,0.0,1981.7059095417771,0.0,0.0
2025,road_edge,10,14133,-19,-47,spatially_agreeing,34,0.0,5118.96811049055,0.0,0.0
2025,road_edge,10,14133,-19,-46,edge_geometry_disagreement,31,0.0,1664.182726505035,924.9464422158729,0.0
2025,road_edge,10,14133,-19,-46,spatially_agreeing,211,0.0,33605.77565059667,0.0,0.0
2025,road_edge,10,14133,-19,-45,edge_geometry_disagreement,5,0.0,230.16756299829197,174.58822826268954,0.0
2025,road_edge,10,14133,-19,-45,spatially_agreeing,28,0.0,5636.977013979579,0.0,0.0
2025,road_edge,10,14133,-18,-47,edge_geometry_disagreement,24,0.0,1684.1218816607143,1447.4258148010547,0.0
2025,road_edge,10,14133,-18,-47,indeterminate_partition_boundary,33,0.0,4094.372828915031,767.4527059113016,0.0
2025,road_edge,10,14133,-18,-47,spatially_agreeing,31,0.0,4400.172813173161,0.2249466217696797,0.0
2025,road_edge,10,14133,-18,-46,edge_geometry_disagreement,96,0.0,6165.262474956167,4288.7132957381955,0.0
2025,road_edge,10,14133,-18,-46,spatially_agreeing,342,0.0,49651.0257789907,32.200228836229336,0.0
2025,road_edge,10,14133,-18,-45,edge_geometry_disagreement,10,0.0,1452.4797961713589,1380.3210800075963,0.0
2025,road_edge,10,14133,-18,-45,spatially_agreeing,28,0.0,3548.284760505795,0.11736314471721293,0.0
2025,road_edge,10,14133,-17,-47,edge_geometry_disagreement,45,0.0,3097.95931243992,2184.5921086365256,0.0
2025,road_edge,10,14133,-17,-47,indeterminate_partition_boundary,20,0.0,2847.31302564324,47.81066019798666,0.0
2025,road_edge,10,14133,-17,-47,spatially_agreeing,64,0.0,6389.0626778532605,26.22708696923846,0.0
2025,road_edge,10,14133,-17,-46,edge_geometry_disagreement,165,0.0,16353.742094768568,14408.268947046407,0.0
2025,road_edge,10,14133,-17,-46,spatially_agreeing,191,0.0,19338.50777035812,14.458998245752154,0.0
2025,road_edge,10,14133,-17,-45,edge_geometry_disagreement,1,0.0,228.18051425374452,228.18051425374452,0.0
2025,road_edge,10,14133,-16,-47,edge_geometry_disagreement,44,0.0,1910.1303429500256,1471.4376650988181,0.0
2025,road_edge,10,14133,-16,-47,indeterminate_partition_boundary,33,0.0,3025.3995105436256,239.14755351291384,0.0
2025,road_edge,10,14133,-16,-47,spatially_agreeing,81,0.0,7947.158718872604,5.443796761071188,0.0
2025,road_edge,10,14133,-16,-46,edge_geometry_disagreement,62,0.0,6484.152622033238,5847.081755172182,0.0
2025,road_edge,10,14133,-16,-46,spatially_agreeing,148,0.0,11100.241946224114,17.385206338681108,0.0
2025,road_edge,10,14133,-15,-47,edge_geometry_disagreement,8,0.0,456.30455315560715,396.77068144825154,0.0
2025,road_edge,10,14133,-15,-47,indeterminate_partition_boundary,2,0.0,294.4202872617904,284.5156251151223,0.0
2025,road_edge,10,14133,-15,-47,spatially_agreeing,7,0.0,672.856380460524,0.0,0.0
2025,road_edge,10,14134,-19,-47,edge_geometry_disagreement,1,0.0,84.00029058843464,61.77955468970482,0.0
2025,road_edge,10,14134,-19,-47,indeterminate_partition_boundary,16,0.0,1881.4379993730943,47.401698995403834,0.0
2025,road_edge,10,14134,-19,-47,spatially_agreeing,18,0.0,3329.7735007216156,0.0,0.0
2025,road_edge,10,14134,-19,-46,edge_geometry_disagreement,6,0.0,217.15492146369377,154.90470660301352,0.0
2025,road_edge,10,14134,-19,-46,indeterminate_partition_boundary,34,0.0,4845.298620784275,0.0,0.0
2025,road_edge,10,14134,-19,-46,spatially_agreeing,84,0.0,13872.370793629168,0.0,0.0
2025,road_edge,10,14134,-19,-45,edge_geometry_disagreement,67,0.0,4400.974747768557,3250.8347943038025,0.0
2025,road_edge,10,14134,-19,-45,indeterminate_partition_boundary,26,0.0,3792.0493100690333,323.3289649022927,0.0
2025,road_edge,10,14134,-19,-45,spatially_agreeing,301,0.0,38149.7567604748,11.014005775197884,0.0
2025,road_edge,10,14134,-19,-44,edge_geometry_disagreement,10,0.0,1379.4973029483785,1277.7680637323836,0.0
2025,road_edge,10,14134,-19,-44,indeterminate_partition_boundary,26,0.0,5529.937454903166,2049.2410086064638,0.0
2025,road_edge,10,14134,-19,-44,spatially_agreeing,75,0.0,8327.259131250416,0.0,0.0
2025,road_edge,10,14134,-18,-46,edge_geometry_disagreement,10,0.0,867.5785758848078,549.2875727205083,0.0
2025,road_edge,10,14134,-18,-46,spatially_agreeing,11,0.0,2310.6214147791347,0.0,0.0
2025,road_edge,10,14134,-18,-45,edge_geometry_disagreement,65,0.0,6650.01093132032,5578.5465540104815,0.0
2025,road_edge,10,14134,-18,-45,spatially_agreeing,109,0.0,16375.389184743111,0.0,0.0
2025,road_edge,10,14382,-79,-84,indeterminate_partition_boundary,1,0.0,328.70230722330405,0.0,0.0
2025,road_edge,10,14382,-79,-84,spatially_agreeing,5,0.0,365.5441753554172,0.0,0.0
2025,road_edge,10,14382,-78,-87,spatially_agreeing,2,0.0,646.8118835690465,0.0,0.0
2025,road_edge,10,14382,-78,-86,edge_geometry_disagreement,2,0.0,100.207375350751,76.51519235711876,0.0
2025,road_edge,10,14382,-78,-86,spatially_agreeing,23,0.0,2482.418332933225,0.0,0.0
2025,road_edge,10,14382,-78,-85,edge_geometry_disagreement,2,0.0,755.540414219882,96.50262867832129,0.0
2025,road_edge,10,14382,-78,-85,spatially_agreeing,56,0.0,7326.701597514303,0.0,0.0
2025,road_edge,10,14382,-78,-84,indeterminate_partition_boundary,1,0.0,623.3607177321835,0.0,0.0
2025,road_edge,10,14382,-78,-84,spatially_agreeing,99,0.0,13128.887039990483,0.0,0.0
2025,road_edge,10,14382,-78,-83,indeterminate_partition_boundary,6,0.0,1241.930428181758,0.0,0.0
2025,road_edge,10,14382,-77,-90,spatially_agreeing,2,0.0,100.7227579170266,0.0,0.0
2025,road_edge,10,14382,-77,-89,indeterminate_partition_boundary,1,0.0,1277.4050564564084,17.069275437645498,0.0
2025,road_edge,10,14382,-77,-88,spatially_agreeing,3,0.0,3208.3230304612907,0.0,0.0
2025,road_edge,10,14382,-77,-87,spatially_agreeing,2,0.0,886.0933012955068,0.0,0.0
2025,road_edge,10,14382,-77,-86,indeterminate_partition_boundary,2,0.0,1787.8051351641066,0.0,0.0
2025,road_edge,10,14382,-77,-86,spatially_agreeing,3,0.0,1374.78988739342,0.0,0.0
2025,road_edge,10,14382,-77,-85,edge_geometry_disagreement,19,0.0,2042.9939035377224,877.7425442336432,0.0
2025,road_edge,10,14382,-77,-85,spatially_agreeing,167,0.0,12196.809265058364,40.295555485790715,0.0
2025,road_edge,10,14382,-77,-84,edge_geometry_disagreement,6,0.0,467.0855803341824,74.13982754973051,0.0
2025,road_edge,10,14382,-77,-84,indeterminate_partition_boundary,3,0.0,1446.2759472747257,0.0,0.0
2025,road_edge,10,14382,-77,-84,spatially_agreeing,322,0.0,33043.45051004335,0.0,0.0
2025,road_edge,10,14382,-77,-83,edge_geometry_disagreement,1,0.0,77.52340161423764,55.765900918894104,0.0
2025,road_edge,10,14382,-77,-83,indeterminate_partition_boundary,21,0.0,1683.2672055580213,67.4197843191189,0.0
2025,road_edge,10,14382,-77,-83,spatially_agreeing,20,0.0,596.5121672741458,0.0,0.0
2025,road_edge,10,14382,-76,-90,spatially_agreeing,4,0.0,453.46337102165535,3.979582993566571,0.0
2025,road_edge,10,14382,-76,-89,indeterminate_partition_boundary,2,0.0,556.810853296215,0.0,0.0
2025,road_edge,10,14382,-76,-86,edge_geometry_disagreement,1,0.0,37.330925618165104,6.061700087272999,0.0
2025,road_edge,10,14382,-76,-86,indeterminate_partition_boundary,25,0.0,2332.9517623241845,139.56957152551672,0.0
2025,road_edge,10,14382,-76,-86,spatially_agreeing,33,0.0,1613.0895363274735,0.0,0.0
2025,road_edge,10,14382,-76,-85,edge_geometry_disagreement,3,0.0,291.0711383429141,105.09047819826402,0.0
2025,road_edge,10,14382,-76,-85,indeterminate_partition_boundary,13,0.0,1118.702864462695,62.400638479231745,0.0
2025,road_edge,10,14382,-76,-85,spatially_agreeing,25,0.0,1982.475591153498,0.0,0.0
2025,road_edge,10,14382,-76,-84,indeterminate_partition_boundary,18,0.0,2264.0809685483187,0.0,0.0
2025,road_edge,10,14382,-76,-84,spatially_agreeing,29,0.0,2954.284487536661,0.0,0.0
2025,road_edge,10,14382,-76,-83,indeterminate_partition_boundary,5,0.0,547.2912714524953,0.0,0.0
